{"type":"FeatureCollection","features":[{"type":"Feature","id":"cliopatria-3","properties":{"recordId":"cliopatria-3","polityId":"sumer","name":"Sümer şehir devletleri","color":"#987445","start":-2999,"endExclusive":-2699},"geometry":{"type":"Polygon","coordinates":[[[46.532677,31.721796],[46.633236,31.914606],[46.488777,31.978878],[46.453449,32.300243],[46.377052,32.300243],[46.614124,32.943039],[46.163113,33.007324],[46.146435,33.457355],[45.737232,33.264477],[45.550323,33.007324],[45.022358,33.071609],[44.748737,33.32877],[44.595356,33.32877],[44.578953,33.200188],[44.425648,33.200188],[44.163559,32.943039],[44.192616,32.55735],[44.337692,32.493073],[44.322041,32.364517],[44.712029,32.428795],[44.833317,32.171696],[45.062408,32.171696],[45.199333,32.043148],[45.807415,30.757776],[46.438812,30.307894],[46.590572,30.307894],[46.696476,30.564972],[47.235775,30.62924],[47.29847,31.143381],[46.841927,31.143381],[46.532677,31.721796]]]}},{"type":"Feature","id":"cliopatria-10","properties":{"recordId":"cliopatria-10","polityId":"sumer","name":"Sümer şehir devletleri","color":"#987445","start":-2499,"endExclusive":-2299},"geometry":{"type":"Polygon","coordinates":[[[42.975639,34.486301],[42.736382,34.421978],[42.52153,34.550625],[42.537823,34.679283],[41.835976,34.614952],[41.235023,34.743614],[40.995895,34.679283],[40.857204,34.807949],[40.618095,34.743614],[40.518059,34.550625],[40.788109,34.229019],[42.380367,34.036079],[42.886623,33.778851],[42.947529,33.650249],[43.24667,33.585949],[43.307472,33.457355],[43.46093,33.457355],[43.521679,33.32877],[43.820415,33.264477],[43.949718,33.071609],[44.102955,33.071609],[44.322041,32.364517],[44.712029,32.428795],[44.833317,32.171696],[45.062408,32.171696],[45.199333,32.043148],[45.18364,31.914606],[45.396835,31.786066],[45.305038,31.657526],[45.449726,31.593258],[45.677864,30.950579],[46.29443,30.372164],[46.590572,30.307894],[46.696476,30.564972],[47.235775,30.62924],[47.251263,30.757776],[47.799049,30.886311],[48.255196,30.886311],[48.914974,30.693508],[48.947632,30.950579],[48.87159,30.950579],[48.575176,32.171696],[47.854546,32.493073],[47.693012,32.428795],[47.022053,32.55735],[46.758694,32.878754],[46.163113,33.007324],[46.146435,33.457355],[45.737232,33.264477],[45.550323,33.007324],[45.022358,33.071609],[44.748737,33.32877],[44.595356,33.32877],[44.499916,33.778851],[44.26115,33.71455],[43.841469,34.036079],[43.32774,34.229019],[43.267239,34.357655],[42.96743,34.421978],[42.975639,34.486301]]]}},{"type":"Feature","id":"cliopatria-9","properties":{"recordId":"cliopatria-9","polityId":"old-kingdom-egypt","name":"Eski Krallık Mısırı","color":"#b28e40","start":-2499,"endExclusive":-2299},"geometry":{"type":"Polygon","coordinates":[[[31.100713,31.601399],[30.977845,31.583536],[31.126454,31.496664],[30.9025,31.420273],[30.544163,31.393191],[30.956109,31.575691],[30.355445,31.502845],[30.289718,31.237354],[30.064445,31.320273],[29.49716,30.945614],[29.502584,30.502767],[30.115655,30.06689],[30.375135,29.72017],[30.385268,29.422148],[30.029231,29.186007],[29.946019,28.915037],[30.052122,28.77325],[30.448413,28.710855],[30.748026,27.232689],[31.61961,26.434736],[31.847591,25.944417],[32.543288,25.892914],[32.347673,25.725773],[32.241842,25.306159],[32.637071,25.005304],[32.764961,24.712366],[32.74819,24.000723],[33.13233,23.995802],[33.108128,25.044679],[32.895238,25.166288],[32.694165,25.493956],[32.947769,25.890874],[32.901379,26.194896],[32.171806,26.41109],[31.524273,26.998793],[31.383178,27.266338],[30.980737,27.416593],[30.93094,28.033488],[31.001845,28.510005],[31.370196,29.305805],[31.872111,29.267181],[32.537722,29.4075],[32.340827,29.594864],[32.477636,29.9368],[32.848019,30.161826],[32.729102,30.558077],[32.762468,30.867648],[32.685374,31.04492],[32.329582,31.2693],[32.214754,31.282427],[32.279791,31.1243],[32.143063,31.074164],[31.777463,31.277391],[31.909654,31.527564],[32.017218,31.380554],[32.202491,31.290936],[31.921482,31.529882],[31.8717,31.534918],[31.556945,31.442218],[31.100713,31.601399]]]}},{"type":"Feature","id":"cliopatria-299","properties":{"recordId":"cliopatria-299","polityId":"achaemenid","name":"Ahameniş İmparatorluğu","color":"#716594","start":-499,"endExclusive":-479},"geometry":{"type":"MultiPolygon","coordinates":[[[[62.543564,43.276947],[62.041985,43.21183],[60.93124,43.537502],[59.123524,43.407204],[58.713516,43.667835],[58.435596,43.537502],[58.399525,43.407204],[58.542377,43.342072],[58.506424,43.21183],[58.675716,42.951466],[58.304832,42.171238],[57.065681,41.068012],[56.402187,40.29063],[55.09201,39.384975],[53.973316,38.932625],[53.829762,37.835243],[53.907906,37.835243],[53.910469,37.448292],[54.094666,37.190418],[54.033295,36.868176],[53.087723,36.803738],[52.185852,36.546032],[51.641968,36.546032],[50.820747,36.739307],[50.531998,36.868176],[50.632294,36.997059],[50.56572,37.061508],[50.320892,36.997059],[49.998783,37.383816],[49.085102,37.512772],[48.884293,37.706242],[48.841076,38.351463],[48.762745,38.351463],[48.801003,38.997231],[48.915466,39.191074],[49.151405,39.191074],[49.378963,39.96703],[48.382393,39.708271],[47.751614,39.708271],[47.491329,39.578934],[47.109066,39.6436],[47.08567,39.514275],[46.849354,39.514275],[46.872601,39.6436],[46.1632,39.6436],[45.826195,39.96703],[45.521843,40.031734],[45.398354,40.225895],[45.014526,40.29063],[44.890793,40.484875],[44.925598,40.679188],[44.450153,40.679188],[44.405521,40.873566],[44.246876,40.873566],[44.043465,41.068012],[44.034027,41.457119],[43.818764,41.586884],[43.945827,41.846512],[43.718468,41.911442],[43.662468,42.041325],[43.228172,41.846512],[42.761257,41.911442],[42.419411,41.781593],[42.123116,41.911442],[41.724277,41.911442],[41.781727,41.781593],[41.600227,41.651779],[41.56736,41.457119],[41.408218,41.457119],[41.307072,41.327385],[41.15876,41.392246],[41.047256,41.197685],[40.459972,41.003189],[40.598072,40.873566],[40.57756,40.743973],[40.408875,40.679188],[39.616467,40.679188],[39.398376,40.808765],[39.001904,40.808765],[38.824059,40.679188],[37.873169,40.679188],[37.355068,40.938374],[36.50909,41.132843],[36.527149,41.262531],[36.138649,41.327385],[36.095043,41.586884],[35.9538,41.716682],[35.307549,41.651779],[34.944035,41.911442],[33.277065,41.976379],[32.862091,41.846512],[32.630775,41.911442],[32.694706,41.781593],[32.193371,41.586884],[32.041729,41.651779],[32.026531,41.521996],[31.700689,41.457119],[31.591658,41.197685],[31.353283,41.197685],[31.180054,41.068012],[30.624228,41.068012],[30.479235,41.197685],[29.366812,41.197685],[29.24865,40.808765],[29.49301,40.873566],[29.48008,40.743973],[28.912746,40.61441],[28.900379,40.484875],[29.046322,40.35537],[27.938818,40.35537],[27.950455,40.484875],[27.792133,40.484875],[27.695789,40.29063],[27.537628,40.29063],[27.469822,40.42012],[26.6731,40.35537],[26.256769,40.096447],[26.132458,39.514275],[26.846579,39.578934],[26.742226,39.255703],[26.894468,39.191074],[26.879292,38.997231],[26.957865,38.997231],[26.84947,38.609699],[27.079775,38.545132],[27.064962,38.351463],[26.594975,38.351463],[26.535763,38.609699],[26.383688,38.674274],[26.428907,38.222378],[26.820328,38.222378],[26.888994,38.093311],[27.275282,38.028786],[27.177744,37.770741],[27.255865,37.770741],[27.163431,37.577259],[27.309988,37.448292],[27.222542,37.319347],[27.539192,37.383816],[27.597979,37.125961],[28.06535,37.125961],[28.13833,37.061508],[28.031439,36.674877],[28.186922,36.674877],[28.357105,36.868176],[29.124916,36.739307],[29.239721,36.223988],[29.938032,36.223988],[30.026136,36.352795],[30.491936,36.352795],[30.619068,36.932613],[31.391563,36.868176],[32.068062,36.610455],[32.498512,36.223988],[32.55835,36.030804],[33.979065,36.288391],[34.250721,36.674877],[34.581635,36.868176],[34.89286,36.868176],[34.95039,36.674877],[35.112656,36.739307],[35.332272,36.610455],[35.487709,36.610455],[35.833588,36.932613],[36.144901,36.932613],[36.286228,36.803738],[36.2649,36.610455],[35.841743,36.288391],[35.990074,36.223988],[35.844883,35.580158],[35.992947,35.515793],[35.882488,35.194008],[35.959747,35.194008],[35.926987,34.872288],[36.068237,34.743614],[36.048771,34.550625],[35.79213,34.293335],[35.644478,34.357655],[35.683811,33.971771],[35.44701,33.907463],[35.499348,33.650249],[35.345776,33.650249],[35.398403,33.393063],[35.215385,33.071609],[35.056328,33.007324],[35.021759,32.621628],[34.769836,32.364517],[34.813042,31.978878],[34.573296,31.850336],[34.638805,31.721796],[34.546608,31.528988],[34.307598,31.400452],[34.297241,31.271915],[33.982605,31.143381],[32.831676,31.014847],[32.765152,31.143381],[32.532154,31.079113],[32.389412,31.207649],[32.237198,31.207649],[32.303932,31.079113],[31.999636,31.079113],[31.937399,31.271915],[31.780554,31.207649],[31.875221,31.46472],[31.265825,31.46472],[31.11799,31.528988],[31.203297,31.657526],[30.974621,31.657526],[30.965609,31.528988],[30.808777,31.46472],[30.35173,31.46472],[30.271244,31.400452],[30.338793,31.271915],[29.88205,31.271915],[29.801764,31.207649],[29.86956,31.079113],[29.633194,30.950579],[29.485144,31.014847],[29.397089,30.822044],[28.865032,30.822044],[28.496395,31.014847],[27.514896,31.143381],[27.297457,31.336184],[26.847702,31.46472],[25.248035,31.46472],[25.102049,31.593258],[25.111681,31.786066],[24.892485,31.978878],[24.129366,31.978878],[23.68034,32.171696],[23.298517,32.171696],[23.148636,32.23597],[23.230776,32.364517],[23.080799,32.428795],[23.089432,32.621628],[21.878729,32.943039],[21.411674,32.750191],[21.108017,32.814472],[20.871243,32.621628],[20.644094,32.685909],[20.715935,32.55735],[20.562992,32.55735],[20.481993,32.428795],[20.331347,32.493073],[20.246113,32.23597],[20.016966,32.23597],[20.089075,32.107422],[19.996077,31.593258],[20.214296,31.271915],[20.134102,31.143381],[20.202085,30.886311],[19.968164,30.693508],[19.964312,30.564972],[19.65501,30.372164],[19.272047,30.243624],[18.894386,30.307894],[18.734566,29.986536],[19.571928,30.115082],[19.651369,30.243624],[19.956705,30.307894],[20.582209,30.886311],[20.962332,30.886311],[21.033995,30.757776],[22.164297,30.500702],[23.07543,30.500702],[24.341167,29.922264],[24.930609,29.536612],[24.922361,29.343777],[25.076429,29.408054],[25.295034,29.215218],[25.289507,29.086657],[25.87175,28.572392],[26.081644,28.186676],[26.662664,27.672369],[26.582016,27.543789],[26.732536,27.543789],[27.237553,27.029461],[27.302111,26.772293],[27.44969,26.708],[27.584221,26.322245],[27.731688,26.257952],[28.151123,25.486437],[28.143808,25.293558],[28.288647,25.164974],[28.421659,24.714935],[29.672802,24.200613],[29.95948,23.879168],[30.108711,23.879168],[30.103964,23.750589],[30.395195,23.557724],[30.462675,23.364861],[31.670488,23.750589],[32.040863,23.6863],[33.388996,23.814878],[33.756363,23.6863],[35.10796,23.879168],[35.55257,23.814878],[35.558754,23.943457],[35.708004,23.943457],[35.788933,24.072035],[35.145531,24.650644],[34.607639,25.807899],[34.461281,25.872192],[34.197208,26.515121],[34.050747,26.579414],[34.073112,26.96517],[33.926594,27.029461],[33.799194,27.415209],[33.585106,27.608078],[33.608871,27.993813],[33.10532,28.379536],[32.836128,28.89381],[32.689163,28.958094],[32.441601,29.793715],[32.601883,29.922264],[32.58876,29.729441],[32.857113,29.215218],[33.146774,29.022375],[33.188915,28.508106],[33.402969,28.31525],[33.55381,28.31525],[33.902176,27.865236],[34.345943,27.736658],[34.358257,27.929525],[34.517303,28.058102],[34.547249,28.508106],[34.711407,28.70096],[34.837238,29.408054],[35.428223,29.215218],[35.806328,29.215218],[35.774853,29.793715],[35.850609,29.793715],[36.069698,30.62924],[36.400852,30.950579],[36.270885,31.207649],[36.4231,31.207649],[36.386639,31.657526],[36.662312,32.171696],[36.515514,32.23597],[36.750668,32.300243],[36.716766,32.750191],[36.900959,33.071609],[37.054195,33.071609],[37.073231,33.264477],[37.572552,33.650249],[37.726124,33.650249],[37.739452,33.778851],[37.990238,33.971771],[39.123795,34.486301],[40.256855,34.293335],[40.403316,34.229019],[40.31147,34.100391],[40.703598,34.164703],[40.911716,33.971771],[41.211639,33.907463],[41.273331,33.778851],[41.426979,33.778851],[41.488605,33.650249],[42.003082,33.457355],[42.064545,33.32877],[42.57827,33.135899],[42.708534,32.943039],[43.152584,32.814472],[44.459015,31.593258],[44.581421,31.336184],[44.954609,31.271915],[45.770462,30.436434],[46.590572,30.307894],[46.61512,29.85799],[46.849716,29.922264],[46.993977,29.85799],[46.979443,29.729441],[47.289715,29.793715],[47.646427,29.600887],[48.093307,29.536612],[48.40353,29.600887],[48.365444,29.922264],[48.987267,30.05081],[48.942848,30.307894],[49.585899,29.986536],[50.064808,30.179354],[50.236282,29.729441],[50.65126,29.408054],[50.620323,29.150936],[50.915039,29.086657],[50.809032,28.829527],[51.028076,28.765244],[51.06625,28.443821],[51.331299,28.122389],[51.316845,27.993813],[51.59668,27.800947],[52.048557,27.800947],[52.478695,27.608078],[52.736969,27.222336],[53.46059,26.96517],[53.658123,26.708],[54.258892,26.708],[54.463234,26.515121],[54.831562,26.45083],[55.242313,26.772293],[55.542747,26.772293],[55.31023,26.708],[55.288887,26.515121],[55.439003,26.515121],[55.603413,26.643707],[56.061192,26.708],[56.308643,26.900877],[56.323616,27.029461],[56.098141,27.029461],[56.188377,27.158045],[56.714657,27.158045],[57.052422,26.836584],[57.114807,26.065071],[57.379536,25.743607],[57.679214,25.743607],[57.740223,25.615021],[57.957985,25.550728],[58.781723,25.550728],[59.060219,25.357851],[60.632114,25.357851],[60.617828,25.229267],[60.917149,25.229267],[61.127369,25.100683],[61.658222,25.164974],[61.718681,25.03639],[62.017872,25.03639],[62.181957,25.164974],[62.47393,25.100683],[62.563419,25.229267],[63.536217,25.229267],[63.626205,25.357851],[64.225021,25.357851],[64.284523,25.229267],[64.800644,25.164974],[64.816063,25.293558],[66.021477,25.357851],[66.345146,25.550728],[66.679092,25.229267],[66.63205,24.843517],[67.214699,24.714935],[67.251434,24.393482],[67.326126,24.393482],[67.289078,24.072035],[67.43837,24.072035],[67.49115,23.879168],[67.633148,23.814878],[67.931572,23.814878],[67.878868,24.007746],[68.418518,24.779226],[68.683701,25.679314],[68.608788,25.679314],[68.634766,25.872192],[68.105888,26.386538],[68.085793,26.772293],[68.283249,27.093752],[68.433586,27.093752],[68.737724,27.608078],[69.124207,27.672369],[69.144585,27.800947],[69.541862,27.929525],[70.702538,29.408054],[70.813728,29.600887],[70.884666,30.372164],[70.619339,30.950579],[70.854118,31.721796],[70.777878,31.721796],[70.832298,31.978878],[70.977806,32.300243],[71.14463,32.364517],[71.215439,32.685909],[71.55027,32.814472],[71.6231,33.135899],[71.499214,33.264477],[71.528778,33.393063],[71.69709,33.457355],[71.84906,33.778851],[72.002701,33.778851],[72.048508,33.971771],[72.371468,34.036079],[72.757317,34.357655],[72.897797,34.614952],[72.905052,35.258358],[72.69445,35.644527],[72.8218,35.83765],[72.606102,35.902035],[72.656448,36.095196],[72.404373,36.610455],[72.551277,36.868176],[72.39566,36.868176],[72.525871,37.061508],[72.370125,37.061508],[72.405251,37.190418],[72.327339,37.190418],[72.284958,38.157841],[72.082985,38.545132],[72.079849,38.80344],[72.00135,38.80344],[72.058441,38.997231],[71.882248,38.932625],[71.525421,39.320335],[70.638344,39.514275],[70.479095,39.772949],[70.32135,39.772949],[70.024063,40.096447],[70.142471,40.225895],[69.64856,40.161167],[69.430534,40.484875],[69.272217,40.484875],[69.311836,40.61441],[69.133614,40.549641],[69.133904,40.808765],[68.876717,41.003189],[68.857841,41.197685],[68.361023,41.132843],[68.321083,41.003189],[67.44931,40.743973],[66.735901,40.743973],[66.697777,40.61441],[66.343277,40.484875],[66.105797,40.484875],[66.14328,40.61441],[65.88694,40.549641],[65.425812,40.873566],[65.463531,41.003189],[65.263199,41.132843],[65.301247,41.262531],[64.013206,42.561192],[62.485321,43.081631],[62.543564,43.276947]]],[[[34.529419,35.580158],[34.542076,35.7089],[34.309811,35.7089],[33.737377,35.38707],[32.886871,35.38707],[32.875248,35.258358],[32.554737,35.129658],[32.245789,35.129658],[32.229042,34.936626],[32.366657,34.743614],[33.04356,34.550625],[33.132069,34.679283],[33.523399,34.743614],[33.695393,34.936626],[34.087322,35.000969],[33.957134,35.258358],[34.529419,35.580158]]],[[[28.139332,36.030804],[28.250166,36.481617],[28.017138,36.481617],[27.692524,36.288391],[27.742563,35.902035],[28.139332,36.030804]]],[[[26.865324,36.674877],[27.185417,36.803738],[27.116777,36.932613],[27.03895,36.932613],[26.865324,36.674877]]],[[[26.111189,38.157841],[26.217344,38.545132],[25.991434,38.674274],[25.912983,38.674274],[25.820757,38.480572],[25.899136,38.480572],[25.876406,38.157841],[26.111189,38.157841]]],[[[26.643574,38.997231],[26.511208,39.320335],[26.043896,39.384975],[25.793419,39.191074],[26.103172,39.126453],[26.093567,38.997231],[26.24589,38.932625],[26.643574,38.997231]]],[[[40.459972,41.003189],[40.470295,41.068012],[40.390892,41.068012],[40.380596,41.003189],[40.459972,41.003189]]],[[[58.524513,42.691246],[58.444397,42.691246],[58.426792,42.626213],[58.506878,42.626213],[58.524513,42.691246]]],[[[62.160999,43.342072],[62.080585,43.342072],[62.061264,43.276947],[62.141647,43.276947],[62.160999,43.342072]]]]}},{"type":"Feature","id":"cliopatria-1235","properties":{"recordId":"cliopatria-1235","polityId":"roman-empire","name":"Roma İmparatorluğu","color":"#a65a48","start":117,"endExclusive":127},"geometry":{"type":"MultiPolygon","coordinates":[[[[2.610407,34.421978],[2.608296,34.486301],[2.531259,34.486301],[2.53339,34.421978],[2.610407,34.421978]]],[[[14.339593,36.030804],[14.336819,35.83765],[14.568228,35.773273],[14.571182,35.966419],[14.339593,36.030804]]],[[[1.273545,38.80344],[1.430544,38.80344],[1.65754,38.997231],[1.651834,39.126453],[1.258726,39.126453],[1.183109,39.06184],[1.273545,38.80344]]],[[[2.823659,39.320335],[3.295836,39.320335],[3.515789,39.772949],[3.197866,39.837635],[3.192988,39.96703],[2.877186,39.96703],[2.338095,39.6436],[2.346148,39.449623],[2.658557,39.514275],[2.823659,39.320335]]],[[[3.741102,40.096447],[3.826827,39.902328],[4.30245,39.837635],[4.215116,40.096447],[3.741102,40.096447]]],[[[9.665326,40.29063],[9.823227,40.35537],[9.821691,40.743973],[9.50211,41.197685],[9.024833,41.262531],[8.552037,40.873566],[8.154607,40.938374],[8.159523,40.549641],[8.318661,40.484875],[8.32095,40.29063],[8.400031,40.29063],[8.324762,39.96703],[8.483375,39.902328],[8.408875,39.514275],[8.330103,39.514275],[8.333153,39.255703],[8.411824,39.255703],[8.336197,38.997231],[8.730334,38.868031],[8.965905,38.868031],[9.120378,39.191074],[9.592623,39.126453],[9.668553,39.6436],[9.747375,39.6436],[9.665326,40.29063]]],[[[9.577608,41.976379],[9.57355,42.756287],[9.493405,42.756287],[9.491889,43.016544],[9.251098,43.016544],[9.172825,42.756287],[8.77274,42.691246],[8.534564,42.496178],[8.538846,42.106277],[8.700497,41.911442],[8.622744,41.716682],[8.782108,41.716682],[8.783942,41.521996],[9.103824,41.327385],[9.262411,41.392246],[9.498891,41.781593],[9.497812,41.976379],[9.577608,41.976379]]],[[[10.134285,42.886398],[10.21482,42.691246],[10.455167,42.691246],[10.455102,42.886398],[10.134285,42.886398]]],[[[14.26924,44.973392],[14.260872,44.581291],[14.502378,44.51598],[14.511318,44.908016],[14.26924,44.973392]]],[[[19.004118,45.496796],[19.085564,45.496796],[19.08885,45.562271],[19.007374,45.562271],[19.004118,45.496796]]],[[[16.98947,48.19175],[16.992136,48.257774],[16.909269,48.257774],[16.906639,48.19175],[16.98947,48.19175]]],[[[16.909269,48.257774],[16.911911,48.323814],[16.82901,48.323814],[16.826405,48.257774],[16.909269,48.257774]]],[[[6.278357,51.848125],[6.27631,51.915127],[6.191279,51.915127],[6.193368,51.848125],[6.278357,51.848125]]],[[[0.166152,52.855366],[0.069777,52.990032],[0.316494,53.124786],[0.29532,53.394566],[0.117866,53.462067],[0.004257,53.799923],[-0.179645,53.935226],[-0.202436,54.206123],[-0.671433,54.61319],[-1.285956,54.681122],[-1.613252,55.361809],[-2.378523,55.157333],[-2.82226,55.225468],[-2.894705,55.08923],[-3.569097,54.885063],[-3.719772,54.681122],[-3.586767,54.273907],[-3.31941,54.206123],[-3.304539,54.070625],[-2.965826,54.138363],[-3.196036,53.867561],[-3.095206,53.732304],[-3.152528,53.462067],[-4.076201,53.259628],[-4.271348,53.462067],[-4.701663,53.462067],[-4.669717,53.192196],[-4.49012,53.124786],[-4.80951,52.922688],[-4.793659,52.788067],[-4.295336,52.922688],[-4.156739,52.451893],[-4.552989,52.183342],[-5.218732,52.049194],[-5.26427,51.714184],[-5.07896,51.580322],[-4.415247,51.714184],[-4.308269,51.51342],[-3.891523,51.580322],[-3.700824,51.379681],[-3.277374,51.379681],[-3.121426,51.51342],[-2.945236,51.446541],[-3.107994,51.379681],[-3.094636,51.246017],[-4.20173,51.31284],[-4.426437,51.04567],[-4.679881,51.04567],[-4.657799,50.845493],[-4.819114,50.778809],[-4.881234,50.578861],[-5.13382,50.578861],[-5.279601,50.379082],[-5.768608,50.245983],[-5.745615,50.046474],[-5.151133,49.980007],[-4.928657,50.245983],[-4.354779,50.379082],[-4.18663,50.379082],[-4.088706,50.245983],[-3.584736,50.245983],[-3.456606,50.645493],[-3.12621,50.712139],[-2.789105,50.712139],[-2.607965,50.578861],[-1.524962,50.712139],[-1.513427,50.578861],[-1.176647,50.578861],[-1.109168,50.778809],[-1.367844,50.845493],[0.492854,50.778809],[1.313834,51.112431],[1.380577,51.379681],[0.523877,51.51342],[0.862975,51.51342],[0.84391,51.781143],[1.18369,51.781143],[1.169783,51.982151],[1.425007,51.982151],[1.586263,52.116257],[1.653682,52.384724],[1.739019,52.384724],[1.716818,52.720787],[1.531974,52.922688],[1.093835,53.057396],[0.493328,53.057396],[0.337453,52.855366],[0.166152,52.855366]]],[[[24.30097,35.322712],[24.149879,35.38707],[24.156919,35.515793],[23.615402,35.515793],[23.679211,35.258358],[24.757446,35.194008],[24.823746,35.000969],[26.140074,35.065311],[26.225334,35.194008],[25.680649,35.129658],[25.692335,35.322712],[24.30097,35.322712]]],[[[22.887205,36.417206],[22.874044,36.159592],[23.10675,36.159592],[23.116798,36.352795],[22.887205,36.417206]]],[[[24.361416,37.706242],[24.283318,37.706242],[24.201319,37.641747],[24.271585,37.512772],[24.431587,37.577259],[24.361416,37.706242]]],[[[24.986202,37.706242],[25.051886,37.512772],[25.285975,37.512772],[25.220497,37.706242],[24.986202,37.706242]]],[[[7.239764,50.712139],[7.319499,50.912201],[7.064663,50.978924],[6.885429,51.379681],[6.627641,51.51342],[6.625779,51.580322],[6.023392,51.848125],[5.933963,51.982151],[5.248215,52.116257],[4.232471,51.982151],[4.055951,52.116257],[3.980464,51.915127],[3.6471,51.781143],[3.738691,51.647243],[3.399253,51.647243],[3.409678,51.446541],[2.739406,51.31284],[2.577829,51.179214],[1.656219,51.04567],[1.424705,50.712139],[1.454968,50.245983],[1.052847,49.980007],[0.224113,49.847126],[-0.012448,49.647934],[0.007001,49.382584],[-1.250783,49.448895],[-1.361783,49.780712],[-2.031551,49.780712],[-1.913302,49.382584],[-1.651669,49.250011],[-1.635041,49.051273],[-1.718345,49.051273],[-1.602181,48.65424],[-2.521935,48.720371],[-2.759404,48.588123],[-3.122164,48.918865],[-3.455083,48.918865],[-3.851844,48.720371],[-4.599918,48.720371],[-4.911746,48.522022],[-4.891265,48.323814],[-4.64256,48.323814],[-4.546384,48.19175],[-4.705363,48.125744],[-4.692053,47.993771],[-4.424369,47.795925],[-3.934938,47.861858],[-3.757235,47.730003],[-3.344321,47.730003],[-3.155531,47.466473],[-2.837259,47.598209],[-2.825756,47.466473],[-2.578424,47.466473],[-2.561591,47.26897],[-2.232229,47.26897],[-2.13908,47.137375],[-2.194406,46.808617],[-2.02492,46.742905],[-2.0144,46.611523],[-1.666043,46.348915],[-1.251809,46.283295],[-1.222735,45.889828],[-1.141096,45.889828],[-1.213142,45.75877],[-1.045282,45.69326],[-1.031214,45.496796],[-1.189373,45.431332],[-1.170575,45.169586],[-1.251859,45.169586],[-1.205377,44.51598],[-1.286345,44.51598],[-1.267958,44.254829],[-1.348801,44.254829],[-1.388411,43.667835],[-1.687575,43.342072],[-3.295851,43.342072],[-3.467213,43.472347],[-4.990376,43.407204],[-5.732784,43.602661],[-7.175715,43.537502],[-7.343486,43.602661],[-7.276463,43.733017],[-8.243616,43.733017],[-8.390442,43.602661],[-8.369025,43.407204],[-8.851689,43.407204],[-9.158673,43.276947],[-9.304603,43.146725],[-9.275152,42.886398],[-9.100251,42.756287],[-9.078654,42.561192],[-8.657383,42.366177],[-8.956094,42.171238],[-8.726953,40.743973],[-8.872283,40.61441],[-8.846114,40.35537],[-8.925222,40.35537],[-9.025043,39.772949],[-9.103915,39.772949],[-9.157165,39.514275],[-9.387049,39.449623],[-9.427487,39.06184],[-9.571975,38.932625],[-9.553065,38.738853],[-9.383704,38.609699],[-9.232998,38.674274],[-9.208523,38.416016],[-8.822719,38.480572],[-8.818844,37.577259],[-8.896896,37.577259],[-9.001367,36.997059],[-8.701138,37.125961],[-7.677904,36.997059],[-7.454816,37.125961],[-7.465344,37.254879],[-6.841826,37.254879],[-6.587994,36.997059],[-6.349542,36.932613],[-6.330094,36.674877],[-6.06385,36.223988],[-5.831079,36.223988],[-5.662277,36.030804],[-5.287947,36.223988],[-5.228197,36.481617],[-4.688807,36.546032],[-4.468626,36.739307],[-2.680081,36.739307],[-2.532133,36.868176],[-2.06163,36.803738],[-1.857355,37.319347],[-1.623468,37.319347],[-1.708719,37.448292],[-0.704754,37.641747],[-0.803495,38.028786],[-0.660861,38.286919],[0.09936,38.738853],[-0.313708,39.126453],[-0.345421,39.708271],[-0.126466,40.031734],[0.182544,40.161167],[0.247769,40.42012],[0.709256,40.679188],[0.695793,40.938374],[1.238393,41.197685],[2.106575,41.327385],[2.333627,41.586884],[2.572505,41.586884],[3.116765,41.911442],[3.178062,42.366177],[3.009923,42.561192],[2.984907,43.146725],[3.140029,43.276947],[3.617136,43.407204],[3.850893,43.602661],[4.173033,43.602661],[4.177848,43.472347],[5.063066,43.472347],[5.386905,43.407204],[5.390772,43.276947],[5.631923,43.276947],[5.796233,43.146725],[6.278175,43.146725],[6.517647,43.21183],[6.672552,43.472347],[6.993107,43.537502],[7.150246,43.733017],[8.033902,43.928623],[8.431501,44.385384],[9.159078,44.450676],[9.727359,44.124317],[9.969701,44.124317],[9.889463,43.993843],[10.212339,43.993843],[10.535322,43.081631],[11.016347,42.821339],[11.01579,42.626213],[11.175962,42.626213],[11.255227,42.431171],[11.415224,42.431171],[11.494501,42.301189],[11.654799,42.366177],[11.812841,42.106277],[12.131669,42.041325],[12.130503,41.911442],[12.604642,41.521996],[12.922187,41.457119],[13.000019,41.327385],[13.714535,41.262531],[13.791754,41.132843],[13.950617,41.132843],[14.104568,40.873566],[14.421855,40.873566],[14.417907,40.679188],[14.893352,40.679188],[15.04136,40.225895],[15.19947,40.225895],[15.431869,40.031734],[15.747773,40.031734],[15.665508,39.902328],[15.898874,39.772949],[16.116541,39.06184],[16.2703,38.932625],[16.265209,38.738853],[15.949724,38.674274],[15.862062,38.286919],[14.05619,37.964268],[13.665236,37.964268],[13.354707,38.157841],[13.119925,38.157841],[13.040359,38.028786],[12.649824,38.093311],[12.491896,37.899754],[12.490469,37.706242],[13.192005,37.577259],[13.578389,37.254879],[14.277917,37.125961],[14.66103,36.739307],[15.049845,36.739307],[15.213889,37.190418],[15.059245,37.254879],[15.066489,37.641747],[15.389483,38.157841],[15.624265,38.157841],[15.698193,37.964268],[15.932764,37.964268],[16.491945,38.416016],[16.502396,38.80344],[17.138302,39.06184],[17.069679,39.384975],[16.916195,39.514275],[16.447258,39.6436],[16.456652,39.96703],[16.697485,40.096447],[16.624453,40.29063],[16.861696,40.29063],[16.945017,40.42012],[16.86799,40.484875],[17.028482,40.549641],[17.34523,40.549641],[17.417536,40.35537],[17.813072,40.35537],[18.112169,39.902328],[18.348944,39.902328],[18.438118,40.161167],[17.98123,40.61441],[17.510658,40.743973],[17.202692,41.003189],[15.943941,41.392246],[15.87384,41.716682],[16.11488,41.781593],[16.118883,41.911442],[15.241439,41.911442],[15.165011,42.041325],[14.92395,41.976379],[14.765887,42.041325],[14.76896,42.171238],[14.607715,42.106277],[14.530768,42.23621],[14.370946,42.23621],[14.056464,42.496178],[13.901384,42.756287],[13.985375,42.951466],[13.747068,43.081631],[13.672641,43.407204],[13.355091,43.667835],[13.033764,43.733017],[13.035635,43.863411],[12.873446,43.79821],[12.313,44.189568],[12.153728,44.450676],[12.157198,44.842648],[12.399906,44.777294],[12.402561,45.038776],[12.160022,45.169586],[12.162786,45.496796],[12.652192,45.562271],[12.816752,45.69326],[13.060476,45.627762],[13.14478,45.824295],[13.3896,45.824295],[13.714866,45.75877],[13.71023,45.496796],[13.54734,45.496796],[13.544051,45.300438],[13.705585,45.235004],[13.780907,44.908016],[13.94322,44.908016],[13.945749,45.038776],[14.18941,45.038776],[14.19619,45.365879],[14.60309,45.365879],[14.515778,45.104176],[14.918749,44.973392],[14.908866,44.581291],[15.146637,44.385384],[15.218687,44.059074],[15.459076,43.993843],[15.374701,43.863411],[15.618592,43.928623],[15.695383,43.79821],[15.856636,43.79821],[16.011692,43.602661],[15.927099,43.472347],[16.575438,43.602661],[16.734173,43.537502],[16.72719,43.342072],[17.051291,43.407204],[17.121861,43.146725],[17.365383,43.21183],[17.355204,42.951466],[17.515671,42.951466],[17.507914,42.756287],[17.593285,42.886398],[17.991541,42.821339],[18.143457,42.626213],[18.85203,42.366177],[19.54244,41.781593],[19.450062,41.521996],[19.529659,41.521996],[19.44379,41.392246],[19.523333,41.392246],[19.437559,41.262531],[19.498455,40.873566],[19.254547,40.743973],[19.248652,40.61441],[19.486294,40.61441],[19.471369,40.29063],[19.62953,40.29063],[20.009418,39.96703],[20.000278,39.772949],[19.763659,39.772949],[19.757786,39.6436],[19.912464,39.578934],[20.154955,39.708271],[20.297249,39.384975],[20.910957,39.06184],[20.741354,38.80344],[20.973709,38.738853],[21.193251,38.416016],[21.738432,38.351463],[21.728594,38.157841],[21.41555,38.157841],[21.243582,37.835243],[21.696598,37.512772],[21.603115,37.190418],[21.681032,37.190418],[21.74354,36.868176],[21.899153,36.868176],[21.908501,37.061508],[22.219992,37.061508],[22.356344,36.674877],[22.511827,36.674877],[22.599413,36.868176],[22.832832,36.868176],[23.056013,36.674877],[22.85322,37.254879],[22.700735,37.319347],[22.71443,37.577259],[22.948587,37.577259],[23.175602,37.448292],[23.168507,37.319347],[23.402393,37.319347],[23.342487,37.641747],[23.108261,37.641747],[23.044498,37.899754],[23.200832,37.899754],[23.208162,38.028786],[23.442802,38.028786],[23.978632,37.835243],[24.0021,38.222378],[24.158669,38.222378],[24.178871,38.545132],[24.030163,38.674274],[23.563383,38.738853],[23.626148,38.480572],[23.312632,38.480572],[23.167202,38.674274],[22.935583,38.738853],[23.025423,38.932625],[23.331829,38.80344],[23.492762,38.868031],[23.343533,38.997231],[23.107815,38.997231],[23.115549,39.126453],[22.797287,39.06184],[22.816326,39.384975],[23.135168,39.449623],[22.610868,39.902328],[22.701664,40.096447],[22.543659,40.096447],[22.559515,40.35537],[22.65485,40.61441],[22.89249,40.61441],[22.884186,40.484875],[23.267256,40.29063],[23.737373,40.225895],[23.838575,40.549641],[23.684629,40.61441],[23.698017,40.808765],[24.010609,40.743973],[24.346565,41.003189],[25.378458,41.003189],[26.082169,40.873566],[26.140261,40.61441],[26.626444,40.743973],[26.921368,40.484875],[27.017187,40.679188],[27.527481,41.068012],[28.077255,41.003189],[28.16881,41.132843],[28.632891,41.003189],[29.115555,41.068012],[29.102762,40.938374],[29.24865,40.808765],[29.49301,40.873566],[29.48008,40.743973],[28.912746,40.61441],[28.900379,40.484875],[29.046322,40.35537],[27.938818,40.35537],[27.950455,40.484875],[27.792133,40.484875],[27.695789,40.29063],[27.537628,40.29063],[27.469822,40.42012],[26.6731,40.35537],[26.683887,40.484875],[26.604727,40.484875],[26.272333,40.29063],[26.132458,39.514275],[26.846579,39.578934],[26.742226,39.255703],[26.894468,39.191074],[26.879292,38.997231],[26.957865,38.997231],[26.84947,38.609699],[27.079775,38.545132],[27.064962,38.351463],[26.594975,38.351463],[26.535763,38.609699],[26.383688,38.674274],[26.428907,38.222378],[26.820328,38.222378],[26.888994,38.093311],[27.275282,38.028786],[27.177744,37.770741],[27.255865,37.770741],[27.163431,37.577259],[27.309988,37.448292],[27.222542,37.319347],[27.539192,37.383816],[27.597979,37.125961],[28.06535,37.125961],[28.13833,37.061508],[28.031439,36.674877],[28.186922,36.674877],[28.357105,36.868176],[28.590525,36.868176],[28.736103,36.739307],[29.124916,36.739307],[29.239721,36.223988],[29.938032,36.223988],[30.026136,36.352795],[30.491936,36.352795],[30.619068,36.932613],[31.086039,36.932613],[32.068062,36.610455],[32.498512,36.223988],[32.55835,36.030804],[32.713402,36.030804],[33.274414,36.223988],[33.979065,36.288391],[34.250721,36.674877],[34.581635,36.868176],[34.89286,36.868176],[34.95039,36.674877],[35.112656,36.739307],[35.487709,36.610455],[35.833588,36.932613],[36.144901,36.932613],[36.286228,36.803738],[36.2649,36.610455],[35.841743,36.288391],[35.990074,36.223988],[35.844883,35.580158],[35.992947,35.515793],[35.882488,35.194008],[35.959747,35.194008],[35.926987,34.872288],[36.068237,34.743614],[36.048771,34.550625],[35.79213,34.293335],[35.644478,34.357655],[35.683811,33.971771],[35.44701,33.907463],[35.499348,33.650249],[35.345776,33.650249],[35.398403,33.393063],[35.215385,33.071609],[35.056328,33.007324],[35.021759,32.621628],[34.769836,32.364517],[34.813042,31.978878],[34.573296,31.850336],[34.638805,31.721796],[34.546608,31.528988],[34.307598,31.400452],[34.297241,31.271915],[33.982605,31.143381],[32.831676,31.014847],[32.765152,31.143381],[32.532154,31.079113],[32.389412,31.207649],[32.237198,31.207649],[32.303932,31.079113],[31.999636,31.079113],[31.937399,31.271915],[31.780554,31.207649],[31.875221,31.46472],[31.265825,31.46472],[31.11799,31.528988],[31.203297,31.657526],[30.974621,31.657526],[30.965609,31.528988],[30.808777,31.46472],[30.35173,31.46472],[30.271244,31.400452],[30.338793,31.271915],[29.88205,31.271915],[29.801764,31.207649],[29.86956,31.079113],[29.633194,30.950579],[29.485144,31.014847],[29.397089,30.822044],[28.865032,30.822044],[28.496395,31.014847],[27.514896,31.143381],[27.297457,31.336184],[26.847702,31.46472],[25.248035,31.46472],[25.102049,31.593258],[25.111681,31.786066],[24.892485,31.978878],[24.129366,31.978878],[23.68034,32.171696],[23.298517,32.171696],[23.148636,32.23597],[23.230776,32.364517],[23.080799,32.428795],[23.089432,32.621628],[21.878729,32.943039],[21.411674,32.750191],[21.108017,32.814472],[20.871243,32.621628],[20.644094,32.685909],[20.715935,32.55735],[20.562992,32.55735],[20.481993,32.428795],[20.331347,32.493073],[20.246113,32.23597],[20.016966,32.23597],[20.089075,32.107422],[19.996077,31.593258],[20.214296,31.271915],[20.134102,31.143381],[20.202085,30.886311],[19.968164,30.693508],[19.964312,30.564972],[19.65501,30.372164],[18.96859,30.243624],[18.896053,30.372164],[18.59247,30.372164],[18.222288,30.757776],[17.846825,30.950579],[16.86352,31.207649],[16.178553,31.207649],[15.648976,31.400452],[15.575982,31.593258],[15.424594,31.657526],[15.282305,32.300243],[15.055077,32.428795],[14.749334,32.428795],[14.674705,32.55735],[14.44444,32.493073],[14.065231,32.750191],[13.75913,32.750191],[13.760528,32.878754],[13.453653,32.814472],[13.301749,32.943039],[12.841785,32.878754],[12.840824,32.750191],[12.534722,32.750191],[12.6121,32.878754],[12.228955,32.814472],[11.464441,33.200188],[11.157825,33.200188],[11.081541,33.585949],[10.697742,33.521652],[10.544031,33.71455],[10.236814,33.71455],[10.005777,33.907463],[10.081673,34.229019],[10.004498,34.293335],[10.543015,34.550625],[10.851213,34.807949],[10.851193,34.936626],[11.082771,35.000969],[11.005732,35.38707],[11.08305,35.38707],[11.08318,35.580158],[10.92842,35.580158],[10.85098,35.773273],[10.696157,35.7089],[10.463515,35.902035],[10.540251,36.352795],[10.462488,36.417206],[11.0062,36.803738],[11.006271,36.997059],[10.461838,36.739307],[10.228353,36.803738],[10.305441,37.061508],[10.227568,37.061508],[10.22698,37.254879],[9.993423,37.190418],[9.759011,37.319347],[9.369642,37.254879],[9.059475,37.061508],[8.903155,37.125961],[8.516411,36.868176],[7.738344,36.868176],[7.502017,37.061508],[7.346272,37.061508],[7.193698,36.868176],[6.804665,36.868176],[6.333924,37.061508],[6.103042,36.932613],[6.105764,36.803738],[5.639056,36.803738],[5.564283,36.674877],[5.097837,36.674877],[4.859499,36.868176],[4.235154,36.932613],[3.850007,36.803738],[3.458979,36.868176],[3.229894,36.739307],[2.84108,36.739307],[2.690169,36.610455],[2.376901,36.674877],[1.529616,36.481617],[1.216212,36.546032],[0.913758,36.352795],[0.678024,36.417206],[0.683685,36.288391],[0.376142,36.223988],[0.083525,35.83765],[-0.45872,35.83765],[-0.530007,35.7089],[-0.917116,35.7089],[-1.065529,35.580158],[-1.223541,35.644527],[-1.136478,35.451431],[-1.358736,35.258358],[-1.590569,35.258358],[-1.889583,35.065311],[-2.661749,35.065311],[-2.819781,35.129658],[-2.837937,35.451431],[-2.992615,35.451431],[-2.981566,35.258358],[-3.132419,35.194008],[-4.754821,35.194008],[-5.239751,35.515793],[-5.338924,35.83765],[-5.876634,35.773273],[-5.999861,35.322712],[-6.145452,35.194008],[-6.132044,35.000969],[-6.290934,35.065311],[-6.200329,34.872288],[-6.277485,34.872288],[-6.332395,34.550625],[-6.48206,34.486301],[-6.473204,34.357655],[-6.69973,34.293335],[-6.613899,34.164703],[-6.903803,33.907463],[-7.062007,33.971771],[-7.129903,33.843155],[-8.402965,33.393063],[-8.470269,33.264477],[-8.154383,33.135899],[-8.064118,32.943039],[-7.528058,32.943039],[-6.936818,33.264477],[-6.702548,33.200188],[-6.634375,33.32877],[-6.033219,33.521652],[-5.798895,33.457355],[-5.273681,33.650249],[-5.039407,33.585949],[-4.367366,33.907463],[-4.209886,33.843155],[-4.140531,33.971771],[-3.763467,34.100391],[-1.692976,34.229019],[-1.609718,34.100391],[-1.539059,34.229019],[-1.305107,34.164703],[-1.237368,34.357655],[0.302584,34.357655],[0.451262,34.486301],[0.684977,34.421978],[1.293753,34.614952],[2.4499,34.614952],[2.920502,34.357655],[3.455702,34.486301],[3.842683,34.421978],[4.453888,34.614952],[5.149048,34.550625],[5.377389,34.679283],[6.148353,34.679283],[6.459011,34.550625],[6.920335,34.614952],[7.153474,34.486301],[7.614861,34.550625],[8.001613,34.421978],[8.080752,34.229019],[8.310982,34.293335],[8.927783,34.164703],[8.928752,34.036079],[9.082553,34.036079],[9.083437,33.907463],[9.237561,33.843155],[9.315913,33.585949],[9.623573,33.457355],[9.547471,33.32877],[9.625037,33.135899],[10.084849,33.135899],[10.008607,33.007324],[10.3916,33.007324],[11.157185,32.685909],[11.309854,32.493073],[11.462911,32.55735],[11.539045,32.428795],[11.768353,32.428795],[11.767911,32.300243],[13.066709,32.300243],[13.065671,32.171696],[13.600223,32.171696],[14.284331,31.914606],[14.586112,31.657526],[14.584434,31.528988],[15.187263,31.079113],[15.184455,30.886311],[15.489552,30.950579],[16.701202,30.693508],[17.905045,30.179354],[18.734566,29.986536],[20.951578,30.564972],[21.938847,30.564972],[22.766737,30.372164],[22.761801,30.243624],[22.916023,30.307894],[23.510078,29.986536],[23.962236,29.922264],[24.330372,29.665165],[24.779219,29.536612],[24.846712,29.343777],[25.000763,29.408054],[25.146545,29.279497],[25.373453,29.279497],[25.586285,28.958094],[27.140072,28.250963],[27.285021,28.122389],[27.276333,27.929525],[27.42992,27.993813],[27.791962,27.672369],[27.710918,27.543789],[27.936699,27.543789],[28.153727,27.350918],[28.270245,26.579414],[28.345316,26.579414],[28.243679,25.936485],[28.288647,25.164974],[28.568815,24.650644],[29.672802,24.200613],[29.95948,23.879168],[30.108711,23.879168],[30.103964,23.750589],[30.395195,23.557724],[30.462675,23.364861],[31.670488,23.750589],[32.040863,23.6863],[33.388996,23.814878],[33.756363,23.6863],[35.10796,23.879168],[35.55257,23.814878],[35.558754,23.943457],[35.854118,23.879168],[35.860409,24.007746],[35.145531,24.650644],[34.607639,25.807899],[34.461281,25.872192],[34.197208,26.515121],[34.050747,26.579414],[34.073112,26.96517],[33.926594,27.029461],[33.799194,27.415209],[33.585106,27.608078],[33.608871,27.993813],[33.10532,28.379536],[32.836128,28.89381],[32.689163,28.958094],[32.441601,29.793715],[32.601883,29.922264],[32.58876,29.729441],[32.857113,29.215218],[33.146774,29.022375],[33.188915,28.508106],[33.402969,28.31525],[33.55381,28.31525],[33.616955,28.122389],[34.120045,27.736658],[34.345943,27.736658],[34.358257,27.929525],[34.517303,28.058102],[34.752258,29.279497],[34.912903,29.408054],[34.853519,28.572392],[34.605419,28.250963],[34.59267,28.058102],[35.049179,28.122389],[35.408699,27.865236],[35.671688,27.286627],[36.02689,26.96517],[36.429104,26.193659],[36.717297,26.000778],[36.772972,25.679314],[37.057396,25.422144],[37.825653,25.743607],[38.3041,26.193659],[38.454098,26.193659],[38.692028,26.386538],[38.700768,26.515121],[38.484356,26.643707],[38.493214,26.772293],[38.267891,26.772293],[38.2061,26.96517],[38.051373,26.900877],[37.768536,27.158045],[37.472237,27.222336],[37.481171,27.350918],[37.259968,27.415209],[37.127476,27.672369],[36.976906,27.672369],[36.839897,27.865236],[36.689243,27.865236],[36.5522,28.058102],[36.259811,28.186676],[36.202785,28.443821],[36.056507,28.508106],[35.858055,28.89381],[35.957569,29.215218],[35.825783,29.472334],[35.865772,29.986536],[35.941574,29.986536],[36.156418,30.757776],[36.400852,30.950579],[36.270885,31.207649],[36.4231,31.207649],[36.386639,31.657526],[36.662312,32.171696],[36.515514,32.23597],[36.750668,32.300243],[36.710632,32.685909],[36.811863,32.943039],[36.900959,33.071609],[37.054195,33.071609],[37.073231,33.264477],[37.572552,33.650249],[37.726124,33.650249],[37.739452,33.778851],[37.990238,33.971771],[38.144001,33.971771],[38.479355,34.229019],[39.123795,34.486301],[39.50898,34.486301],[40.403316,34.229019],[40.31147,34.100391],[40.703598,34.164703],[40.911716,33.971771],[41.211639,33.907463],[41.488605,33.650249],[42.57827,33.135899],[42.708534,32.943039],[43.152584,32.814472],[44.459015,31.593258],[44.581421,31.336184],[44.954609,31.271915],[45.770462,30.436434],[46.590572,30.307894],[46.61512,29.85799],[46.849716,29.922264],[46.993977,29.85799],[46.979443,29.729441],[47.289715,29.793715],[47.866222,29.536612],[48.40353,29.600887],[48.365444,29.922264],[48.903683,29.986536],[49.042679,30.500702],[48.914974,30.693508],[48.947632,30.950579],[48.87159,30.950579],[48.575176,32.171696],[48.422447,32.171696],[48.372173,32.364517],[48.160358,32.493073],[48.17791,32.621628],[47.974831,32.814472],[47.821743,32.814472],[47.559574,33.135899],[46.674763,33.393063],[46.710011,33.650249],[46.148479,34.036079],[46.234962,35.194008],[46.031021,35.38707],[46.077927,35.7089],[46.251804,35.83765],[45.787022,35.83765],[45.650906,35.966419],[45.418388,35.966419],[45.378494,36.223988],[45.096386,36.417206],[45.056725,36.674877],[44.852112,36.868176],[44.871338,36.997059],[45.250854,36.932613],[45.426109,37.061508],[45.445835,37.190418],[45.290001,37.190418],[45.251659,37.448292],[45.173653,37.448292],[45.223763,37.770741],[45.634884,37.899754],[45.853909,38.286919],[46.120892,38.480572],[47.251614,38.674274],[48.325989,38.093311],[48.795414,38.093311],[48.820629,38.674274],[48.74218,38.674274],[48.927517,39.255703],[48.782223,39.320335],[48.806458,39.449623],[48.673283,39.578934],[48.224697,39.708271],[47.120831,39.708271],[47.065601,39.837635],[46.773598,39.96703],[46.457798,39.96703],[46.481369,40.096447],[46.256134,40.161167],[46.200741,40.29063],[45.884415,40.29063],[45.456661,40.549641],[45.595348,40.873566],[45.301929,41.003189],[45.111687,41.262531],[44.237335,41.262531],[43.975628,41.132843],[43.340179,41.132843],[42.863255,41.586884],[42.624374,41.586884],[42.363056,41.457119],[42.250172,41.262531],[41.704643,41.327385],[42.009663,41.716682],[41.997589,42.561192],[41.780357,42.691246],[41.80341,42.821339],[41.666107,42.951466],[41.2075,43.081631],[41.00074,43.276947],[40.598824,43.276947],[40.161034,43.537502],[40.080528,43.537502],[39.97784,43.407204],[40.219173,43.407204],[40.415703,43.146725],[40.817322,43.146725],[41.115826,43.016544],[41.173344,42.886398],[41.333752,42.886398],[41.6087,42.626213],[41.483318,42.366177],[41.700584,42.23621],[41.598209,42.106277],[41.757915,42.106277],[41.735458,41.976379],[41.815254,41.976379],[41.56736,41.457119],[41.408218,41.457119],[41.307072,41.327385],[41.15876,41.392246],[41.047256,41.197685],[40.539349,41.003189],[40.390892,41.068012],[40.370331,40.938374],[39.735538,40.938374],[39.050892,41.132843],[38.783352,40.938374],[38.297737,40.873566],[38.158054,41.003189],[37.831161,40.938374],[37.770565,41.068012],[37.214741,41.068012],[37.233234,41.197685],[37.065109,41.132843],[36.774765,41.327385],[36.209202,41.262531],[35.9538,41.716682],[35.156975,41.716682],[35.121212,42.041325],[34.881737,42.041325],[34.7845,41.911442],[32.630775,41.911442],[32.694706,41.781593],[32.193371,41.586884],[32.041729,41.651779],[32.026531,41.521996],[31.534176,41.392246],[31.180054,41.068012],[30.624228,41.068012],[30.479235,41.197685],[28.963121,41.132843],[28.975935,41.262531],[28.505287,41.327385],[28.279182,41.457119],[28.21833,41.651779],[27.979368,41.651779],[28.004253,41.911442],[27.783546,42.106277],[27.796032,42.23621],[27.49489,42.431171],[27.513538,42.626213],[27.846626,42.756287],[27.804897,43.146725],[27.898201,43.276947],[28.226366,43.342072],[28.159195,43.472347],[28.481092,43.472347],[28.616276,43.993843],[28.535557,43.993843],[28.576906,44.385384],[28.840725,44.581291],[28.802006,44.973392],[29.045572,44.973392],[29.024105,44.777294],[29.525349,44.908016],[29.665873,45.431332],[29.584459,45.431332],[29.614275,45.69326],[29.8589,45.69326],[30.044964,45.889828],[30.297667,45.955376],[30.876579,46.677208],[31.532864,46.677208],[31.566814,46.940079],[31.08213,47.005829],[30.975079,46.808617],[30.106895,46.414547],[30.091318,46.283295],[29.741125,46.086506],[28.507975,46.020935],[28.447496,46.217686],[28.195097,46.152088],[28.209093,46.283295],[27.95668,46.217686],[27.64303,46.348915],[27.492781,46.480194],[27.506327,46.611523],[27.349052,46.677208],[27.444664,46.808617],[27.280458,46.808617],[27.293962,46.940079],[27.122929,46.87434],[26.593527,47.334789],[25.915724,47.137375],[25.864708,47.466473],[25.623577,47.532333],[25.553486,47.664101],[23.819977,47.664101],[23.170027,47.795925],[22.581757,47.664101],[22.48451,47.466473],[22.314821,47.400623],[22.300497,47.203167],[22.218191,47.203167],[22.291014,47.071594],[22.025887,46.808617],[22.007648,46.545853],[21.649157,46.086506],[21.485683,46.086506],[21.494255,46.217686],[21.33065,46.217686],[21.240471,46.086506],[20.185411,46.217686],[20.170395,45.955376],[19.907232,45.627762],[20.055559,45.365879],[19.238417,45.300438],[18.997618,45.365879],[19.004118,45.496796],[18.922674,45.496796],[19.010633,45.627762],[18.854017,45.75877],[18.948576,46.020935],[18.870096,46.086506],[18.951834,46.086506],[19.050116,46.414547],[18.896116,46.611523],[18.905983,46.808617],[18.823881,46.808617],[18.833719,47.005829],[18.998127,47.005829],[18.922592,47.137375],[19.172857,47.203167],[19.269199,47.466473],[18.949644,47.664101],[18.956511,47.795925],[18.798048,47.927807],[18.62604,47.795925],[17.634624,47.795925],[17.066927,48.05975],[17.0723,48.19175],[16.904018,48.125744],[16.663206,48.323814],[15.498526,48.19175],[14.841119,48.389866],[14.671889,48.257774],[14.25756,48.257774],[13.518886,48.65424],[12.772909,48.786522],[12.609076,48.985062],[12.111341,49.18375],[9.529284,48.852684],[9.191737,49.316288],[9.187057,49.780712],[8.934349,49.913559],[8.932813,50.046474],[8.765904,49.980007],[8.764216,50.112961],[8.680301,50.112961],[8.758383,50.578861],[8.169017,50.578861],[7.922588,50.245983],[7.754598,50.245983],[7.663846,50.578861],[7.412732,50.512249],[7.409789,50.645493],[7.239764,50.712139]]],[[[20.621307,37.899754],[20.612696,37.706242],[20.922148,37.641747],[20.933977,37.899754],[20.621307,37.899754]]],[[[24.772438,38.028786],[24.694225,38.028786],[24.681931,37.835243],[24.830006,37.706242],[25.06847,37.770741],[24.772438,38.028786]]],[[[20.328466,38.351463],[20.319902,38.157841],[20.786493,38.093311],[20.795446,38.286919],[20.56641,38.416016],[20.328466,38.351463]]],[[[23.567327,38.80344],[23.488827,38.80344],[23.484909,38.738853],[23.563383,38.738853],[23.567327,38.80344]]],[[[24.364975,38.997231],[24.35652,38.868031],[24.662033,38.738853],[24.674931,38.932625],[24.364975,38.997231]]],[[[20.073074,39.6436],[20.070057,39.578934],[20.148855,39.578934],[20.151897,39.6436],[20.073074,39.6436]]],[[[25.066978,40.031734],[24.973936,39.837635],[25.447329,39.837635],[25.461861,40.031734],[25.066978,40.031734]]],[[[24.490965,40.808765],[24.55126,40.549641],[24.793625,40.61441],[24.808144,40.808765],[24.490965,40.808765]]],[[[19.165966,47.071594],[19.169407,47.137375],[19.087135,47.137375],[19.083729,47.071594],[19.165966,47.071594]]],[[[38.130955,26.96517],[38.135429,27.029461],[38.060272,27.029461],[38.055813,26.96517],[38.130955,26.96517]]],[[[37.839249,27.093752],[37.914417,27.093752],[37.918903,27.158045],[37.843719,27.158045],[37.839249,27.093752]]],[[[33.695393,34.936626],[34.087322,35.000969],[33.957134,35.258358],[34.529419,35.580158],[34.542076,35.7089],[34.309811,35.7089],[33.737377,35.38707],[32.886871,35.38707],[32.875248,35.258358],[32.554737,35.129658],[32.245789,35.129658],[32.229042,34.936626],[32.366657,34.743614],[33.04356,34.550625],[33.132069,34.679283],[33.523399,34.743614],[33.695393,34.936626]]],[[[27.692524,36.288391],[27.742563,35.902035],[28.139332,36.030804],[28.250166,36.481617],[28.017138,36.481617],[27.692524,36.288391]]],[[[27.116777,36.932613],[27.03895,36.932613],[26.865324,36.674877],[27.185417,36.803738],[27.116777,36.932613]]],[[[25.339022,37.125961],[25.330807,36.997059],[25.564358,36.997059],[25.572706,37.125961],[25.339022,37.125961]]],[[[26.07958,37.706242],[25.988245,37.512772],[26.304852,37.577259],[26.313875,37.706242],[26.07958,37.706242]]],[[[25.820757,38.480572],[25.899136,38.480572],[25.876406,38.157841],[26.111189,38.157841],[26.217344,38.545132],[25.991434,38.674274],[25.912983,38.674274],[25.820757,38.480572]]],[[[26.103172,39.126453],[26.093567,38.997231],[26.24589,38.932625],[26.643574,38.997231],[26.511208,39.320335],[26.043896,39.384975],[25.793419,39.191074],[26.103172,39.126453]]],[[[25.718765,40.29063],[25.703753,40.096447],[26.024851,40.161167],[26.035089,40.29063],[25.718765,40.29063]]],[[[27.129623,46.940079],[27.211794,46.940079],[27.218538,47.005829],[27.136333,47.005829],[27.129623,46.940079]]]]}},{"type":"Feature","id":"cliopatria-1300","properties":{"recordId":"cliopatria-1300","polityId":"roman-empire","name":"Roma İmparatorluğu","color":"#a65a48","start":197,"endExclusive":207},"geometry":{"type":"MultiPolygon","coordinates":[[[[2.610407,34.421978],[2.608296,34.486301],[2.531259,34.486301],[2.53339,34.421978],[2.610407,34.421978]]],[[[14.339593,36.030804],[14.336819,35.83765],[14.568228,35.773273],[14.571182,35.966419],[14.339593,36.030804]]],[[[22.887205,36.417206],[22.874044,36.159592],[23.10675,36.159592],[23.116798,36.352795],[22.887205,36.417206]]],[[[7.239764,50.712139],[7.319499,50.912201],[7.064663,50.978924],[6.885429,51.379681],[6.540962,51.580322],[6.539056,51.647243],[6.369337,51.647243],[5.933963,51.982151],[5.248215,52.116257],[4.572769,51.982151],[4.232471,51.982151],[4.055951,52.116257],[3.980464,51.915127],[3.6471,51.781143],[3.738691,51.647243],[3.399253,51.647243],[3.409678,51.446541],[2.739406,51.31284],[2.577829,51.179214],[1.656219,51.04567],[1.424705,50.712139],[1.454968,50.245983],[1.052847,49.980007],[0.224113,49.847126],[-0.012448,49.647934],[0.007001,49.382584],[-1.250783,49.448895],[-1.361783,49.780712],[-2.031551,49.780712],[-1.913302,49.382584],[-1.651669,49.250011],[-1.635041,49.051273],[-1.718345,49.051273],[-1.602181,48.65424],[-2.521935,48.720371],[-2.759404,48.588123],[-3.122164,48.918865],[-3.455083,48.918865],[-3.851844,48.720371],[-4.599918,48.720371],[-4.911746,48.522022],[-4.891265,48.323814],[-4.64256,48.323814],[-4.546384,48.19175],[-4.705363,48.125744],[-4.692053,47.993771],[-4.424369,47.795925],[-3.934938,47.861858],[-3.757235,47.730003],[-3.344321,47.730003],[-3.155531,47.466473],[-2.837259,47.598209],[-2.825756,47.466473],[-2.578424,47.466473],[-2.561591,47.26897],[-2.232229,47.26897],[-2.13908,47.137375],[-2.194406,46.808617],[-2.02492,46.742905],[-2.0144,46.611523],[-1.666043,46.348915],[-1.251809,46.283295],[-1.222735,45.889828],[-1.141096,45.889828],[-1.213142,45.75877],[-1.045282,45.69326],[-1.031214,45.496796],[-1.189373,45.431332],[-1.170575,45.169586],[-1.251859,45.169586],[-1.205377,44.51598],[-1.286345,44.51598],[-1.267958,44.254829],[-1.348801,44.254829],[-1.388411,43.667835],[-1.687575,43.342072],[-3.295851,43.342072],[-3.467213,43.472347],[-4.990376,43.407204],[-5.732784,43.602661],[-7.175715,43.537502],[-7.343486,43.602661],[-7.276463,43.733017],[-8.243616,43.733017],[-8.390442,43.602661],[-8.369025,43.407204],[-8.851689,43.407204],[-9.158673,43.276947],[-9.304603,43.146725],[-9.275152,42.886398],[-9.100251,42.756287],[-9.078654,42.561192],[-8.657383,42.366177],[-8.956094,42.171238],[-8.726953,40.743973],[-8.872283,40.61441],[-8.846114,40.35537],[-8.925222,40.35537],[-9.025043,39.772949],[-9.103915,39.772949],[-9.157165,39.514275],[-9.387049,39.449623],[-9.427487,39.06184],[-9.571975,38.932625],[-9.553065,38.738853],[-9.383704,38.609699],[-9.232998,38.674274],[-9.208523,38.416016],[-8.822719,38.480572],[-8.818844,37.577259],[-8.896896,37.577259],[-9.001367,36.997059],[-8.701138,37.125961],[-7.677904,36.997059],[-7.454816,37.125961],[-7.465344,37.254879],[-6.841826,37.254879],[-6.587994,36.997059],[-6.349542,36.932613],[-6.330094,36.674877],[-6.06385,36.223988],[-5.831079,36.223988],[-5.662277,36.030804],[-5.287947,36.223988],[-5.228197,36.481617],[-4.688807,36.546032],[-4.468626,36.739307],[-2.680081,36.739307],[-2.532133,36.868176],[-2.06163,36.803738],[-1.857355,37.319347],[-1.623468,37.319347],[-1.708719,37.448292],[-0.704754,37.641747],[-0.803495,38.028786],[-0.660861,38.286919],[0.09936,38.738853],[-0.313708,39.126453],[-0.345421,39.708271],[-0.126466,40.031734],[0.182544,40.161167],[0.247769,40.42012],[0.709256,40.679188],[0.695793,40.938374],[1.238393,41.197685],[2.106575,41.327385],[2.333627,41.586884],[2.572505,41.586884],[3.116765,41.911442],[3.178062,42.366177],[3.009923,42.561192],[2.984907,43.146725],[3.140029,43.276947],[3.617136,43.407204],[3.850893,43.602661],[4.173033,43.602661],[4.177848,43.472347],[5.063066,43.472347],[5.386905,43.407204],[5.390772,43.276947],[5.631923,43.276947],[5.796233,43.146725],[6.278175,43.146725],[6.517647,43.21183],[6.672552,43.472347],[6.993107,43.537502],[7.150246,43.733017],[8.033902,43.928623],[8.431501,44.385384],[9.159078,44.450676],[9.727359,44.124317],[9.969701,44.124317],[9.889463,43.993843],[10.212339,43.993843],[10.535322,43.081631],[11.016347,42.821339],[11.01579,42.626213],[11.175962,42.626213],[11.255227,42.431171],[11.415224,42.431171],[11.494501,42.301189],[11.654799,42.366177],[11.812841,42.106277],[12.131669,42.041325],[12.130503,41.911442],[12.604642,41.521996],[12.922187,41.457119],[13.000019,41.327385],[13.714535,41.262531],[13.791754,41.132843],[13.950617,41.132843],[14.104568,40.873566],[14.421855,40.873566],[14.417907,40.679188],[14.893352,40.679188],[15.04136,40.225895],[15.19947,40.225895],[15.431869,40.031734],[15.747773,40.031734],[15.665508,39.902328],[15.898874,39.772949],[16.116541,39.06184],[16.2703,38.932625],[16.265209,38.738853],[15.949724,38.674274],[15.862062,38.286919],[14.05619,37.964268],[13.665236,37.964268],[13.354707,38.157841],[13.119925,38.157841],[13.040359,38.028786],[12.649824,38.093311],[12.491896,37.899754],[12.490469,37.706242],[13.192005,37.577259],[13.578389,37.254879],[14.277917,37.125961],[14.66103,36.739307],[15.049845,36.739307],[15.213889,37.190418],[15.059245,37.254879],[15.066489,37.641747],[15.389483,38.157841],[15.624265,38.157841],[15.698193,37.964268],[15.932764,37.964268],[16.491945,38.416016],[16.502396,38.80344],[17.138302,39.06184],[17.069679,39.384975],[16.916195,39.514275],[16.447258,39.6436],[16.456652,39.96703],[16.697485,40.096447],[16.624453,40.29063],[16.861696,40.29063],[16.945017,40.42012],[16.86799,40.484875],[17.028482,40.549641],[17.34523,40.549641],[17.417536,40.35537],[17.813072,40.35537],[18.112169,39.902328],[18.348944,39.902328],[18.438118,40.161167],[17.98123,40.61441],[17.510658,40.743973],[17.202692,41.003189],[15.943941,41.392246],[15.87384,41.716682],[16.11488,41.781593],[16.118883,41.911442],[15.241439,41.911442],[15.165011,42.041325],[14.92395,41.976379],[14.765887,42.041325],[14.76896,42.171238],[14.607715,42.106277],[14.530768,42.23621],[14.370946,42.23621],[14.056464,42.496178],[13.901384,42.756287],[13.985375,42.951466],[13.747068,43.081631],[13.672641,43.407204],[13.355091,43.667835],[13.033764,43.733017],[13.035635,43.863411],[12.873446,43.79821],[12.313,44.189568],[12.153728,44.450676],[12.157198,44.842648],[12.399906,44.777294],[12.402561,45.038776],[12.160022,45.169586],[12.162786,45.496796],[12.652192,45.562271],[12.816752,45.69326],[13.060476,45.627762],[13.14478,45.824295],[13.3896,45.824295],[13.714866,45.75877],[13.71023,45.496796],[13.54734,45.496796],[13.544051,45.300438],[13.705585,45.235004],[13.780907,44.908016],[13.94322,44.908016],[13.945749,45.038776],[14.18941,45.038776],[14.19619,45.365879],[14.60309,45.365879],[14.515778,45.104176],[14.918749,44.973392],[14.908866,44.581291],[15.146637,44.385384],[15.218687,44.059074],[15.459076,43.993843],[15.374701,43.863411],[15.618592,43.928623],[15.695383,43.79821],[15.856636,43.79821],[16.011692,43.602661],[15.927099,43.472347],[16.575438,43.602661],[16.734173,43.537502],[16.72719,43.342072],[17.051291,43.407204],[17.121861,43.146725],[17.365383,43.21183],[17.355204,42.951466],[17.515671,42.951466],[17.507914,42.756287],[17.593285,42.886398],[17.991541,42.821339],[18.143457,42.626213],[18.85203,42.366177],[19.54244,41.781593],[19.450062,41.521996],[19.529659,41.521996],[19.44379,41.392246],[19.523333,41.392246],[19.437559,41.262531],[19.498455,40.873566],[19.254547,40.743973],[19.248652,40.61441],[19.486294,40.61441],[19.471369,40.29063],[19.62953,40.29063],[20.009418,39.96703],[20.000278,39.772949],[19.763659,39.772949],[19.757786,39.6436],[19.912464,39.578934],[20.154955,39.708271],[20.297249,39.384975],[20.910957,39.06184],[20.741354,38.80344],[20.973709,38.738853],[21.193251,38.416016],[21.738432,38.351463],[21.728594,38.157841],[21.41555,38.157841],[21.243582,37.835243],[21.696598,37.512772],[21.603115,37.190418],[21.681032,37.190418],[21.74354,36.868176],[21.899153,36.868176],[21.908501,37.061508],[22.219992,37.061508],[22.356344,36.674877],[22.511827,36.674877],[22.599413,36.868176],[22.832832,36.868176],[23.056013,36.674877],[22.85322,37.254879],[22.700735,37.319347],[22.71443,37.577259],[22.948587,37.577259],[23.175602,37.448292],[23.168507,37.319347],[23.402393,37.319347],[23.342487,37.641747],[23.108261,37.641747],[23.044498,37.899754],[23.200832,37.899754],[23.208162,38.028786],[23.442802,38.028786],[23.978632,37.835243],[24.0021,38.222378],[24.158669,38.222378],[24.178871,38.545132],[24.030163,38.674274],[23.563383,38.738853],[23.626148,38.480572],[23.312632,38.480572],[23.167202,38.674274],[22.935583,38.738853],[23.025423,38.932625],[23.331829,38.80344],[23.492762,38.868031],[23.343533,38.997231],[23.107815,38.997231],[23.115549,39.126453],[22.797287,39.06184],[22.816326,39.384975],[23.135168,39.449623],[22.610868,39.902328],[22.701664,40.096447],[22.543659,40.096447],[22.559515,40.35537],[22.65485,40.61441],[22.89249,40.61441],[22.884186,40.484875],[23.267256,40.29063],[23.737373,40.225895],[23.838575,40.549641],[23.684629,40.61441],[23.698017,40.808765],[24.010609,40.743973],[24.346565,41.003189],[25.378458,41.003189],[26.082169,40.873566],[26.140261,40.61441],[26.626444,40.743973],[26.921368,40.484875],[27.017187,40.679188],[27.527481,41.068012],[28.077255,41.003189],[28.16881,41.132843],[28.632891,41.003189],[29.115555,41.068012],[29.102762,40.938374],[29.24865,40.808765],[29.49301,40.873566],[29.48008,40.743973],[28.912746,40.61441],[28.900379,40.484875],[29.046322,40.35537],[27.938818,40.35537],[27.950455,40.484875],[27.792133,40.484875],[27.695789,40.29063],[27.537628,40.29063],[27.469822,40.42012],[26.6731,40.35537],[26.683887,40.484875],[26.604727,40.484875],[26.272333,40.29063],[26.132458,39.514275],[26.846579,39.578934],[26.742226,39.255703],[26.894468,39.191074],[26.879292,38.997231],[26.957865,38.997231],[26.84947,38.609699],[27.079775,38.545132],[27.064962,38.351463],[26.594975,38.351463],[26.535763,38.609699],[26.383688,38.674274],[26.428907,38.222378],[26.820328,38.222378],[26.888994,38.093311],[27.275282,38.028786],[27.177744,37.770741],[27.255865,37.770741],[27.163431,37.577259],[27.309988,37.448292],[27.222542,37.319347],[27.539192,37.383816],[27.597979,37.125961],[28.06535,37.125961],[28.13833,37.061508],[28.031439,36.674877],[28.186922,36.674877],[28.357105,36.868176],[28.590525,36.868176],[28.736103,36.739307],[29.124916,36.739307],[29.239721,36.223988],[29.938032,36.223988],[30.026136,36.352795],[30.491936,36.352795],[30.619068,36.932613],[31.086039,36.932613],[32.068062,36.610455],[32.498512,36.223988],[32.55835,36.030804],[32.713402,36.030804],[33.274414,36.223988],[33.979065,36.288391],[34.250721,36.674877],[34.581635,36.868176],[34.89286,36.868176],[34.95039,36.674877],[35.112656,36.739307],[35.487709,36.610455],[35.833588,36.932613],[36.144901,36.932613],[36.286228,36.803738],[36.2649,36.610455],[35.841743,36.288391],[35.990074,36.223988],[35.844883,35.580158],[35.992947,35.515793],[35.882488,35.194008],[35.959747,35.194008],[35.926987,34.872288],[36.068237,34.743614],[36.048771,34.550625],[35.79213,34.293335],[35.644478,34.357655],[35.683811,33.971771],[35.44701,33.907463],[35.499348,33.650249],[35.345776,33.650249],[35.398403,33.393063],[35.215385,33.071609],[35.056328,33.007324],[35.021759,32.621628],[34.769836,32.364517],[34.813042,31.978878],[34.573296,31.850336],[34.638805,31.721796],[34.546608,31.528988],[34.307598,31.400452],[34.297241,31.271915],[33.982605,31.143381],[32.831676,31.014847],[32.765152,31.143381],[32.532154,31.079113],[32.389412,31.207649],[32.237198,31.207649],[32.303932,31.079113],[31.999636,31.079113],[31.937399,31.271915],[31.780554,31.207649],[31.875221,31.46472],[31.265825,31.46472],[31.11799,31.528988],[31.203297,31.657526],[30.974621,31.657526],[30.965609,31.528988],[30.808777,31.46472],[30.35173,31.46472],[30.271244,31.400452],[30.338793,31.271915],[29.88205,31.271915],[29.801764,31.207649],[29.86956,31.079113],[29.633194,30.950579],[29.485144,31.014847],[29.397089,30.822044],[28.865032,30.822044],[28.496395,31.014847],[27.514896,31.143381],[27.297457,31.336184],[26.847702,31.46472],[25.248035,31.46472],[25.102049,31.593258],[25.111681,31.786066],[24.892485,31.978878],[24.129366,31.978878],[23.68034,32.171696],[23.298517,32.171696],[23.148636,32.23597],[23.230776,32.364517],[23.080799,32.428795],[23.089432,32.621628],[21.878729,32.943039],[21.411674,32.750191],[21.108017,32.814472],[20.871243,32.621628],[20.644094,32.685909],[20.715935,32.55735],[20.562992,32.55735],[20.481993,32.428795],[20.331347,32.493073],[20.246113,32.23597],[20.016966,32.23597],[20.089075,32.107422],[19.996077,31.593258],[20.214296,31.271915],[20.134102,31.143381],[20.202085,30.886311],[19.968164,30.693508],[19.964312,30.564972],[19.65501,30.372164],[18.96859,30.243624],[18.896053,30.372164],[18.59247,30.372164],[18.222288,30.757776],[17.846825,30.950579],[16.86352,31.207649],[16.178553,31.207649],[15.648976,31.400452],[15.575982,31.593258],[15.424594,31.657526],[15.282305,32.300243],[15.055077,32.428795],[14.749334,32.428795],[14.674705,32.55735],[14.44444,32.493073],[14.065231,32.750191],[13.75913,32.750191],[13.760528,32.878754],[13.453653,32.814472],[13.301749,32.943039],[12.841785,32.878754],[12.840824,32.750191],[12.534722,32.750191],[12.6121,32.878754],[12.228955,32.814472],[11.464441,33.200188],[11.157825,33.200188],[11.081541,33.585949],[10.697742,33.521652],[10.544031,33.71455],[10.236814,33.71455],[10.005777,33.907463],[10.081673,34.229019],[10.004498,34.293335],[10.543015,34.550625],[10.851213,34.807949],[10.851193,34.936626],[11.082771,35.000969],[11.005732,35.38707],[11.08305,35.38707],[11.08318,35.580158],[10.92842,35.580158],[10.85098,35.773273],[10.696157,35.7089],[10.463515,35.902035],[10.540251,36.352795],[10.462488,36.417206],[11.0062,36.803738],[11.006271,36.997059],[10.461838,36.739307],[10.228353,36.803738],[10.305441,37.061508],[10.227568,37.061508],[10.22698,37.254879],[9.993423,37.190418],[9.759011,37.319347],[9.369642,37.254879],[9.059475,37.061508],[8.903155,37.125961],[8.516411,36.868176],[7.738344,36.868176],[7.502017,37.061508],[7.346272,37.061508],[7.193698,36.868176],[6.804665,36.868176],[6.333924,37.061508],[6.103042,36.932613],[6.105764,36.803738],[5.639056,36.803738],[5.564283,36.674877],[5.097837,36.674877],[4.859499,36.868176],[4.235154,36.932613],[3.850007,36.803738],[3.458979,36.868176],[3.229894,36.739307],[2.84108,36.739307],[2.690169,36.610455],[2.376901,36.674877],[1.529616,36.481617],[1.216212,36.546032],[0.913758,36.352795],[0.678024,36.417206],[0.683685,36.288391],[0.376142,36.223988],[0.083525,35.83765],[-0.45872,35.83765],[-0.530007,35.7089],[-0.917116,35.7089],[-1.065529,35.580158],[-1.223541,35.644527],[-1.136478,35.451431],[-1.358736,35.258358],[-1.590569,35.258358],[-1.889583,35.065311],[-2.661749,35.065311],[-2.819781,35.129658],[-2.837937,35.451431],[-2.992615,35.451431],[-2.981566,35.258358],[-3.132419,35.194008],[-4.754821,35.194008],[-5.239751,35.515793],[-5.338924,35.83765],[-5.876634,35.773273],[-5.999861,35.322712],[-6.145452,35.194008],[-6.132044,35.000969],[-6.290934,35.065311],[-6.200329,34.872288],[-6.277485,34.872288],[-6.332395,34.550625],[-6.48206,34.486301],[-6.473204,34.357655],[-6.69973,34.293335],[-6.613899,34.164703],[-6.903803,33.907463],[-7.062007,33.971771],[-7.129903,33.843155],[-8.402965,33.393063],[-8.470269,33.264477],[-8.154383,33.135899],[-8.064118,32.943039],[-7.528058,32.943039],[-6.936818,33.264477],[-6.702548,33.200188],[-6.634375,33.32877],[-6.033219,33.521652],[-5.798895,33.457355],[-5.273681,33.650249],[-5.039407,33.585949],[-4.367366,33.907463],[-4.209886,33.843155],[-4.140531,33.971771],[-3.763467,34.100391],[-1.692976,34.229019],[-1.609718,34.100391],[-1.539059,34.229019],[-1.305107,34.164703],[-1.237368,34.357655],[0.302584,34.357655],[0.451262,34.486301],[0.684977,34.421978],[1.293753,34.614952],[2.4499,34.614952],[2.920502,34.357655],[3.455702,34.486301],[3.842683,34.421978],[4.453888,34.614952],[5.149048,34.550625],[5.377389,34.679283],[6.148353,34.679283],[6.459011,34.550625],[6.920335,34.614952],[7.153474,34.486301],[7.614861,34.550625],[8.001613,34.421978],[8.080752,34.229019],[8.310982,34.293335],[8.927783,34.164703],[8.928752,34.036079],[9.082553,34.036079],[9.083437,33.907463],[9.237561,33.843155],[9.315913,33.585949],[9.623573,33.457355],[9.547471,33.32877],[9.625037,33.135899],[10.084849,33.135899],[10.008607,33.007324],[10.3916,33.007324],[11.157185,32.685909],[11.309854,32.493073],[11.462911,32.55735],[11.539045,32.428795],[11.768353,32.428795],[11.767911,32.300243],[13.066709,32.300243],[13.065671,32.171696],[13.600223,32.171696],[14.284331,31.914606],[14.586112,31.657526],[14.584434,31.528988],[15.187263,31.079113],[15.184455,30.886311],[15.489552,30.950579],[16.701202,30.693508],[17.905045,30.179354],[18.734566,29.986536],[20.951578,30.564972],[21.938847,30.564972],[22.766737,30.372164],[22.761801,30.243624],[22.916023,30.307894],[23.510078,29.986536],[23.962236,29.922264],[24.330372,29.665165],[24.779219,29.536612],[24.846712,29.343777],[25.000763,29.408054],[25.146545,29.279497],[25.373453,29.279497],[25.586285,28.958094],[27.140072,28.250963],[27.285021,28.122389],[27.276333,27.929525],[27.42992,27.993813],[27.791962,27.672369],[27.710918,27.543789],[27.936699,27.543789],[28.153727,27.350918],[28.270245,26.579414],[28.345316,26.579414],[28.243679,25.936485],[28.288647,25.164974],[28.568815,24.650644],[29.672802,24.200613],[29.95948,23.879168],[30.108711,23.879168],[30.103964,23.750589],[30.395195,23.557724],[30.462675,23.364861],[31.670488,23.750589],[32.040863,23.6863],[33.388996,23.814878],[33.756363,23.6863],[35.10796,23.879168],[35.55257,23.814878],[35.558754,23.943457],[35.854118,23.879168],[35.860409,24.007746],[35.145531,24.650644],[34.607639,25.807899],[34.461281,25.872192],[34.197208,26.515121],[34.050747,26.579414],[34.073112,26.96517],[33.926594,27.029461],[33.799194,27.415209],[33.585106,27.608078],[33.608871,27.993813],[33.10532,28.379536],[32.836128,28.89381],[32.689163,28.958094],[32.638695,29.343777],[32.428688,29.600887],[32.526096,29.922264],[32.857113,29.215218],[33.213871,28.89381],[33.188915,28.508106],[33.402969,28.31525],[33.55381,28.31525],[33.616955,28.122389],[34.120045,27.736658],[34.345943,27.736658],[34.358257,27.929525],[34.517303,28.058102],[34.752258,29.279497],[34.912903,29.408054],[34.853519,28.572392],[34.605419,28.250963],[34.59267,28.058102],[35.049179,28.122389],[35.408699,27.865236],[35.466938,27.608078],[35.613239,27.543789],[35.671688,27.286627],[36.164864,26.772293],[36.429104,26.193659],[36.717297,26.000778],[36.772972,25.679314],[37.132259,25.422144],[37.214725,25.550728],[37.825653,25.743607],[38.3041,26.193659],[38.692028,26.386538],[38.700768,26.515121],[38.484356,26.643707],[38.493214,26.772293],[38.197197,26.836584],[38.2061,26.96517],[38.051373,26.900877],[37.768536,27.158045],[37.472237,27.222336],[37.481171,27.350918],[37.259968,27.415209],[37.127476,27.672369],[36.689243,27.865236],[36.5522,28.058102],[36.401466,28.058102],[35.858055,28.89381],[35.957569,29.215218],[35.825783,29.472334],[35.865772,29.986536],[35.941574,29.986536],[36.156418,30.757776],[36.400852,30.950579],[36.270885,31.207649],[36.4231,31.207649],[36.386639,31.657526],[36.462864,31.657526],[36.491905,31.978878],[36.656364,32.107422],[36.515514,32.23597],[36.750668,32.300243],[36.716766,32.750191],[36.900959,33.071609],[37.054195,33.071609],[37.073231,33.264477],[38.479355,34.229019],[39.123795,34.486301],[39.50898,34.486301],[40.403316,34.229019],[40.31147,34.100391],[40.703598,34.164703],[40.911716,33.971771],[41.211639,33.907463],[41.488605,33.650249],[42.57827,33.135899],[42.708534,32.943039],[43.152584,32.814472],[43.76421,32.171696],[44.314255,32.300243],[44.429939,32.621628],[45.014137,33.007324],[44.978813,33.32877],[44.135208,33.32877],[43.860802,33.585949],[43.408241,33.650249],[43.210045,33.907463],[42.987503,33.971771],[43.019905,34.229019],[42.890415,34.421978],[42.51342,34.486301],[42.416317,34.936626],[41.953259,34.936626],[41.282509,35.129658],[41.44083,35.773273],[41.310593,35.966419],[41.335464,36.159592],[41.671089,36.352795],[41.679588,36.417206],[41.601936,36.417206],[41.610443,36.481617],[41.532764,36.481617],[41.541275,36.546032],[41.282925,36.352795],[40.808884,36.288391],[39.752663,35.902035],[39.497074,35.7089],[38.427986,35.83765],[38.132866,35.966419],[38.176178,36.997059],[37.958027,37.125961],[37.98914,37.383816],[38.332977,37.641747],[38.349087,37.770741],[39.122002,37.706242],[39.459656,37.899754],[39.49575,37.577259],[40.181187,37.448292],[40.050636,37.641747],[40.093662,37.964268],[40.57164,38.028786],[40.546955,38.416016],[40.468601,38.416016],[40.657593,39.191074],[40.509693,39.255703],[40.547638,39.514275],[39.848045,39.578934],[39.750633,39.449623],[39.208523,39.514275],[38.95417,39.384975],[38.744888,39.578934],[38.929836,39.772949],[38.790401,39.902328],[40.398186,40.096447],[40.953259,40.61441],[41.449505,40.743973],[41.534794,41.262531],[41.614281,41.262531],[41.62513,41.327385],[41.704643,41.327385],[42.009663,41.716682],[41.997589,42.561192],[41.780357,42.691246],[41.80341,42.821339],[41.666107,42.951466],[41.2075,43.081631],[41.00074,43.276947],[40.598824,43.276947],[40.161034,43.537502],[40.080528,43.537502],[39.97784,43.407204],[40.219173,43.407204],[40.415703,43.146725],[40.817322,43.146725],[41.115826,43.016544],[41.173344,42.886398],[41.333752,42.886398],[41.6087,42.626213],[41.483318,42.366177],[41.700584,42.23621],[41.598209,42.106277],[41.757915,42.106277],[41.735458,41.976379],[41.815254,41.976379],[41.56736,41.457119],[41.408218,41.457119],[41.307072,41.327385],[41.15876,41.392246],[41.047256,41.197685],[40.539349,41.003189],[40.390892,41.068012],[40.370331,40.938374],[39.735538,40.938374],[39.050892,41.132843],[38.783352,40.938374],[38.297737,40.873566],[38.158054,41.003189],[37.831161,40.938374],[37.770565,41.068012],[37.214741,41.068012],[37.233234,41.197685],[37.065109,41.132843],[36.774765,41.327385],[36.209202,41.262531],[35.9538,41.716682],[35.156975,41.716682],[35.121212,42.041325],[34.881737,42.041325],[34.7845,41.911442],[32.630775,41.911442],[32.694706,41.781593],[32.193371,41.586884],[32.041729,41.651779],[32.026531,41.521996],[31.534176,41.392246],[31.180054,41.068012],[30.624228,41.068012],[30.479235,41.197685],[28.963121,41.132843],[28.975935,41.262531],[28.505287,41.327385],[28.279182,41.457119],[28.21833,41.651779],[27.979368,41.651779],[28.004253,41.911442],[27.783546,42.106277],[27.796032,42.23621],[27.49489,42.431171],[27.513538,42.626213],[27.846626,42.756287],[27.804897,43.146725],[27.898201,43.276947],[28.226366,43.342072],[28.159195,43.472347],[28.481092,43.472347],[28.616276,43.993843],[28.535557,43.993843],[28.576906,44.385384],[28.840725,44.581291],[28.802006,44.973392],[29.045572,44.973392],[29.024105,44.777294],[29.525349,44.908016],[29.665873,45.431332],[29.584459,45.431332],[29.614275,45.69326],[29.8589,45.69326],[30.044964,45.889828],[30.297667,45.955376],[30.876579,46.677208],[31.532864,46.677208],[31.566814,46.940079],[31.08213,47.005829],[30.975079,46.808617],[30.106895,46.414547],[29.815243,46.020935],[29.288111,45.69326],[29.177399,45.431332],[28.430748,45.300438],[28.274952,45.365879],[28.288784,45.496796],[28.051287,45.562271],[28.037626,45.431332],[27.786673,45.365879],[27.766573,45.169586],[27.922398,45.104176],[27.888794,44.777294],[27.726606,44.777294],[27.706736,44.581291],[27.868734,44.581291],[27.922995,44.320103],[27.418364,44.124317],[26.697508,44.189568],[26.200672,44.059074],[26.131826,44.189568],[25.889391,44.189568],[25.837872,44.51598],[25.675936,44.51598],[25.687586,44.646614],[25.843756,44.581291],[25.780359,44.777294],[25.954445,44.908016],[26.077688,45.365879],[26.23435,45.300438],[26.189537,45.69326],[26.2834,45.824295],[26.440382,45.75877],[26.459105,45.955376],[26.540775,45.955376],[26.515923,46.545853],[26.705738,46.808617],[25.915724,47.137375],[25.864708,47.466473],[25.623577,47.532333],[25.553486,47.664101],[23.819977,47.664101],[23.252644,47.795925],[22.751886,47.730003],[22.314821,47.400623],[22.300497,47.203167],[22.218191,47.203167],[22.291014,47.071594],[22.025887,46.808617],[22.007648,46.545853],[21.649157,46.086506],[21.485683,46.086506],[21.494255,46.217686],[21.33065,46.217686],[21.240471,46.086506],[20.185411,46.217686],[20.170395,45.955376],[19.907232,45.627762],[20.055559,45.365879],[19.238417,45.300438],[18.997618,45.365879],[19.004118,45.496796],[18.922674,45.496796],[19.010633,45.627762],[18.854017,45.75877],[18.948576,46.020935],[18.870096,46.086506],[18.951834,46.086506],[19.050116,46.414547],[18.896116,46.611523],[18.905983,46.808617],[18.823881,46.808617],[18.833719,47.005829],[18.998127,47.005829],[18.922592,47.137375],[19.172857,47.203167],[19.269199,47.466473],[18.949644,47.664101],[18.956511,47.795925],[18.798048,47.927807],[18.62604,47.795925],[17.634624,47.795925],[17.066927,48.05975],[17.0723,48.19175],[16.904018,48.125744],[16.663206,48.323814],[15.498526,48.19175],[14.841119,48.389866],[14.671889,48.257774],[14.25756,48.257774],[13.518886,48.65424],[12.772909,48.786522],[12.609076,48.985062],[12.111341,49.18375],[9.529284,48.852684],[9.191737,49.316288],[9.187057,49.780712],[8.934349,49.913559],[8.932813,50.046474],[8.765904,49.980007],[8.764216,50.112961],[8.680301,50.112961],[8.758383,50.578861],[8.169017,50.578861],[7.922588,50.245983],[7.754598,50.245983],[7.663846,50.578861],[7.412732,50.512249],[7.409789,50.645493],[7.239764,50.712139]]],[[[20.621307,37.899754],[20.612696,37.706242],[20.922148,37.641747],[20.933977,37.899754],[20.621307,37.899754]]],[[[20.328466,38.351463],[20.319902,38.157841],[20.786493,38.093311],[20.795446,38.286919],[20.56641,38.416016],[20.328466,38.351463]]],[[[1.273545,38.80344],[1.430544,38.80344],[1.65754,38.997231],[1.651834,39.126453],[1.258726,39.126453],[1.183109,39.06184],[1.273545,38.80344]]],[[[20.073074,39.6436],[20.070057,39.578934],[20.148855,39.578934],[20.151897,39.6436],[20.073074,39.6436]]],[[[2.823659,39.320335],[3.295836,39.320335],[3.515789,39.772949],[3.197866,39.837635],[3.192988,39.96703],[2.877186,39.96703],[2.338095,39.6436],[2.346148,39.449623],[2.658557,39.514275],[2.823659,39.320335]]],[[[3.741102,40.096447],[3.826827,39.902328],[4.30245,39.837635],[4.215116,40.096447],[3.741102,40.096447]]],[[[9.665326,40.29063],[9.823227,40.35537],[9.821691,40.743973],[9.50211,41.197685],[9.024833,41.262531],[8.552037,40.873566],[8.154607,40.938374],[8.159523,40.549641],[8.318661,40.484875],[8.32095,40.29063],[8.400031,40.29063],[8.324762,39.96703],[8.483375,39.902328],[8.408875,39.514275],[8.330103,39.514275],[8.333153,39.255703],[8.411824,39.255703],[8.336197,38.997231],[8.730334,38.868031],[8.965905,38.868031],[9.120378,39.191074],[9.592623,39.126453],[9.668553,39.6436],[9.747375,39.6436],[9.665326,40.29063]]],[[[9.577608,41.976379],[9.57355,42.756287],[9.493405,42.756287],[9.491889,43.016544],[9.251098,43.016544],[9.172825,42.756287],[8.77274,42.691246],[8.534564,42.496178],[8.538846,42.106277],[8.700497,41.911442],[8.622744,41.716682],[8.782108,41.716682],[8.783942,41.521996],[9.103824,41.327385],[9.262411,41.392246],[9.498891,41.781593],[9.497812,41.976379],[9.577608,41.976379]]],[[[10.134285,42.886398],[10.21482,42.691246],[10.455167,42.691246],[10.455102,42.886398],[10.134285,42.886398]]],[[[14.26924,44.973392],[14.260872,44.581291],[14.502378,44.51598],[14.511318,44.908016],[14.26924,44.973392]]],[[[19.085564,45.496796],[19.08885,45.562271],[19.007374,45.562271],[19.004118,45.496796],[19.085564,45.496796]]],[[[19.165966,47.071594],[19.169407,47.137375],[19.087135,47.137375],[19.083729,47.071594],[19.165966,47.071594]]],[[[16.98947,48.19175],[16.992136,48.257774],[16.909269,48.257774],[16.906639,48.19175],[16.98947,48.19175]]],[[[16.826405,48.257774],[16.909269,48.257774],[16.911911,48.323814],[16.82901,48.323814],[16.826405,48.257774]]],[[[6.193368,51.848125],[6.278357,51.848125],[6.27631,51.915127],[6.191279,51.915127],[6.193368,51.848125]]],[[[0.069777,52.990032],[0.316494,53.124786],[0.29532,53.394566],[0.117866,53.462067],[0.004257,53.799923],[-0.179645,53.935226],[-0.202436,54.206123],[-0.671433,54.61319],[-1.285956,54.681122],[-1.613252,55.361809],[-2.378523,55.157333],[-2.82226,55.225468],[-2.894705,55.08923],[-3.569097,54.885063],[-3.719772,54.681122],[-3.586767,54.273907],[-3.31941,54.206123],[-3.304539,54.070625],[-2.965826,54.138363],[-3.196036,53.867561],[-3.095206,53.732304],[-3.152528,53.462067],[-4.076201,53.259628],[-4.271348,53.462067],[-4.701663,53.462067],[-4.669717,53.192196],[-4.49012,53.124786],[-4.80951,52.922688],[-4.793659,52.788067],[-4.295336,52.922688],[-4.156739,52.451893],[-4.552989,52.183342],[-5.218732,52.049194],[-5.26427,51.714184],[-5.07896,51.580322],[-4.415247,51.714184],[-4.308269,51.51342],[-3.891523,51.580322],[-3.700824,51.379681],[-3.277374,51.379681],[-3.121426,51.51342],[-2.945236,51.446541],[-3.107994,51.379681],[-3.094636,51.246017],[-4.20173,51.31284],[-4.426437,51.04567],[-4.679881,51.04567],[-4.657799,50.845493],[-4.819114,50.778809],[-4.881234,50.578861],[-5.13382,50.578861],[-5.279601,50.379082],[-5.768608,50.245983],[-5.745615,50.046474],[-5.151133,49.980007],[-4.928657,50.245983],[-4.354779,50.379082],[-4.18663,50.379082],[-4.088706,50.245983],[-3.584736,50.245983],[-3.456606,50.645493],[-3.12621,50.712139],[-2.789105,50.712139],[-2.607965,50.578861],[-1.524962,50.712139],[-1.513427,50.578861],[-1.176647,50.578861],[-1.109168,50.778809],[-1.367844,50.845493],[0.492854,50.778809],[1.313834,51.112431],[1.380577,51.379681],[0.523877,51.51342],[0.862975,51.51342],[0.84391,51.781143],[1.18369,51.781143],[1.169783,51.982151],[1.425007,51.982151],[1.586263,52.116257],[1.653682,52.384724],[1.739019,52.384724],[1.716818,52.720787],[1.531974,52.922688],[1.093835,53.057396],[0.493328,53.057396],[0.337453,52.855366],[0.166152,52.855366],[0.069777,52.990032]]],[[[38.130955,26.96517],[38.135429,27.029461],[38.060272,27.029461],[38.055813,26.96517],[38.130955,26.96517]]],[[[37.914417,27.093752],[37.918903,27.158045],[37.843719,27.158045],[37.839249,27.093752],[37.914417,27.093752]]],[[[33.695393,34.936626],[34.087322,35.000969],[33.957134,35.258358],[34.529419,35.580158],[34.542076,35.7089],[34.309811,35.7089],[33.737377,35.38707],[32.886871,35.38707],[32.875248,35.258358],[32.554737,35.129658],[32.245789,35.129658],[32.229042,34.936626],[32.366657,34.743614],[33.04356,34.550625],[33.132069,34.679283],[33.523399,34.743614],[33.695393,34.936626]]],[[[24.30097,35.322712],[24.149879,35.38707],[24.156919,35.515793],[23.615402,35.515793],[23.679211,35.258358],[24.757446,35.194008],[24.823746,35.000969],[26.140074,35.065311],[26.225334,35.194008],[25.680649,35.129658],[25.692335,35.322712],[24.30097,35.322712]]],[[[27.692524,36.288391],[27.742563,35.902035],[28.139332,36.030804],[28.250166,36.481617],[28.017138,36.481617],[27.692524,36.288391]]],[[[27.116777,36.932613],[27.03895,36.932613],[26.865324,36.674877],[27.185417,36.803738],[27.116777,36.932613]]],[[[25.339022,37.125961],[25.330807,36.997059],[25.564358,36.997059],[25.572706,37.125961],[25.339022,37.125961]]],[[[24.361416,37.706242],[24.283318,37.706242],[24.201319,37.641747],[24.271585,37.512772],[24.431587,37.577259],[24.361416,37.706242]]],[[[24.986202,37.706242],[25.051886,37.512772],[25.285975,37.512772],[25.220497,37.706242],[24.986202,37.706242]]],[[[26.07958,37.706242],[25.988245,37.512772],[26.304852,37.577259],[26.313875,37.706242],[26.07958,37.706242]]],[[[24.694225,38.028786],[24.681931,37.835243],[24.830006,37.706242],[25.06847,37.770741],[24.772438,38.028786],[24.694225,38.028786]]],[[[25.820757,38.480572],[25.899136,38.480572],[25.876406,38.157841],[26.111189,38.157841],[26.217344,38.545132],[25.991434,38.674274],[25.912983,38.674274],[25.820757,38.480572]]],[[[23.563383,38.738853],[23.567327,38.80344],[23.488827,38.80344],[23.484909,38.738853],[23.563383,38.738853]]],[[[24.364975,38.997231],[24.35652,38.868031],[24.662033,38.738853],[24.674931,38.932625],[24.364975,38.997231]]],[[[26.093567,38.997231],[26.24589,38.932625],[26.643574,38.997231],[26.511208,39.320335],[26.043896,39.384975],[25.793419,39.191074],[26.103172,39.126453],[26.093567,38.997231]]],[[[25.066978,40.031734],[24.973936,39.837635],[25.447329,39.837635],[25.461861,40.031734],[25.066978,40.031734]]],[[[25.718765,40.29063],[25.703753,40.096447],[26.024851,40.161167],[26.035089,40.29063],[25.718765,40.29063]]],[[[24.490965,40.808765],[24.55126,40.549641],[24.793625,40.61441],[24.808144,40.808765],[24.490965,40.808765]]]]}},{"type":"Feature","id":"cliopatria-1231","properties":{"recordId":"cliopatria-1231","polityId":"han-dynasty","name":"Han Hanedanı","color":"#53816e","start":117,"endExclusive":154},"geometry":{"type":"MultiPolygon","coordinates":[[[[110.17942,18.479067],[110.190285,18.543354],[110.507759,18.67193],[110.680573,19.250515],[110.85067,19.379087],[110.883865,19.571949],[111.031937,19.571949],[111.087418,19.893383],[110.909477,20.150528],[110.613037,20.150528],[110.59095,20.021955],[110.157379,20.086243],[109.246361,19.957668],[109.202774,19.700523],[108.704277,19.379087],[108.638184,18.543354],[108.764595,18.41478],[109.123337,18.350492],[109.249687,18.221918],[109.840645,18.221918],[109.862198,18.350492],[110.17942,18.479067]]],[[[125.834663,37.899754],[125.844933,37.770741],[126.347687,37.835243],[126.937431,38.351463],[127.022903,38.932625],[126.854065,39.191074],[126.964455,39.384975],[126.728287,39.384975],[126.832291,39.837635],[126.709496,40.031734],[126.431732,40.096447],[126.269295,40.35537],[126.425056,40.61441],[126.622818,40.679188],[126.742096,41.003189],[126.186966,41.132843],[126.108391,41.262531],[125.43309,41.327385],[124.995499,41.132843],[124.677773,41.132843],[124.717384,41.197685],[124.439171,41.262531],[124.47892,41.327385],[124.240379,41.327385],[124.280167,41.392246],[124.001801,41.457119],[124.041718,41.521996],[123.564339,41.651779],[123.604416,41.716682],[123.365372,41.716682],[123.405487,41.781593],[123.126762,41.846512],[123.166992,41.911442],[121.021255,41.262531],[119.390015,41.327385],[119.428101,41.392246],[118.791771,41.392246],[118.82975,41.457119],[118.632683,41.392246],[118.670616,41.457119],[118.4319,41.457119],[118.469864,41.521996],[118.03405,41.457119],[118.071877,41.521996],[117.791306,41.586884],[117.707924,41.716682],[117.822563,41.911442],[117.701401,41.976379],[117.737289,42.171238],[117.337875,42.171238],[115.992393,41.781593],[114.958466,40.938374],[113.760391,40.484875],[113.622536,40.225895],[113.004372,39.6436],[111.743134,37.512772],[110.45504,37.770741],[110.48439,37.835243],[110.093674,37.835243],[110.123009,37.899754],[108.843361,37.835243],[108.74501,37.964268],[108.510445,37.964268],[108.53949,38.028786],[107.35862,37.835243],[105.773773,37.964268],[104.462891,37.641747],[104.36158,37.770741],[103.763985,37.835243],[103.662621,37.964268],[103.879906,38.286919],[103.75135,38.351463],[103.836121,38.545132],[104.107536,38.80344],[103.60788,38.738853],[103.938622,39.126453],[104.667618,39.514275],[104.582825,39.837635],[103.812256,39.708271],[103.132011,39.255703],[102.094833,38.868031],[102.123207,38.932625],[101.630089,39.06184],[101.558586,39.255703],[101.16523,39.255703],[101.181046,39.6436],[100.737198,39.708271],[100.380905,39.96703],[100.144058,39.96703],[100.173454,40.031734],[99.38369,40.031734],[99.284233,40.161167],[98.918365,40.225895],[98.947754,40.29063],[98.502602,40.35537],[98.274483,40.549641],[98.036919,40.549641],[97.888107,40.743973],[97.184273,40.938374],[97.214081,41.003189],[95.229675,41.003189],[93.68692,40.743973],[93.715271,40.808765],[93.267792,40.873566],[93.296165,40.938374],[92.479767,41.068012],[92.4515,41.003189],[92.133995,41.003189],[92.105934,40.938374],[90.781364,40.808765],[88.56221,40.225895],[88.245987,40.225895],[85.375946,39.320335],[85.148048,39.126453],[82.90683,38.093311],[82.487617,37.770741],[82.055237,37.641747],[81.694733,36.997059],[82.023636,36.803738],[82.101418,36.803738],[85.11338,37.448292],[85.356216,37.706242],[85.812943,37.899754],[86.081406,38.222378],[86.440125,38.351463],[87.661713,38.480572],[88.745827,38.868031],[89.580093,38.997231],[91.123291,39.126453],[92.248413,39.384975],[93.088165,39.320335],[93.954697,39.514275],[94.506096,39.514275],[94.976875,39.320335],[95.318535,39.384975],[95.682274,38.932625],[96.309708,38.738853],[96.414032,38.609699],[96.649307,38.609699],[96.755234,38.868031],[96.676704,38.868031],[96.757072,39.06184],[96.678474,39.06184],[96.759636,39.255703],[96.680969,39.255703],[96.762947,39.449623],[97.467682,39.255703],[97.491646,39.126453],[97.85743,39.06184],[97.960167,38.932625],[98.117264,38.932625],[98.384056,39.191074],[98.957787,39.06184],[99.119774,39.255703],[99.091881,39.191074],[99.378571,39.126453],[99.861755,38.416016],[100.199448,38.286919],[100.413795,38.609699],[100.64225,38.222378],[100.79882,38.222378],[100.796318,38.028786],[101.290092,37.899754],[101.31485,37.770741],[101.60067,37.706242],[101.755302,37.512772],[102.096062,37.770741],[102.042549,37.641747],[102.172035,37.577259],[102.170547,37.383816],[102.585587,37.254879],[102.610962,37.125961],[102.870956,37.190418],[103.207787,37.061508],[103.362709,36.868176],[103.310654,36.739307],[103.440231,36.674877],[103.38858,36.546032],[103.518227,36.481617],[103.466965,36.352795],[103.648781,36.223988],[103.630043,35.580158],[103.735291,35.451431],[103.449615,34.486301],[103.526657,34.486301],[103.355354,34.229019],[103.492821,33.971771],[103.332008,33.521652],[103.034058,33.32877],[102.551598,33.264477],[101.686874,32.750191],[100.97924,31.014847],[101.055305,31.014847],[100.939308,30.62924],[101.015266,30.62924],[100.901924,30.243624],[100.977791,30.243624],[100.885391,29.922264],[100.961182,29.922264],[100.888603,29.665165],[100.964333,29.665165],[100.875298,29.343777],[100.950943,29.343777],[100.88105,29.086657],[101.021988,28.765244],[100.954704,28.508106],[101.030167,28.508106],[100.964058,28.250963],[101.039467,28.250963],[100.915276,28.058102],[101.049881,27.993813],[101.014343,27.543789],[101.089607,27.543789],[101.196487,26.386538],[101.398132,25.936485],[101.462288,25.164974],[101.810852,24.264904],[102.085526,24.136324],[102.324936,23.814878],[102.474152,23.814878],[102.651436,23.557724],[102.800575,23.557724],[102.989792,23.364861],[104.90461,23.236284],[104.956093,23.107708],[105.116608,23.171995],[105.219788,22.914846],[105.174644,22.657698],[105.249077,22.657698],[104.874008,22.207689],[105.127953,21.950544],[105.095581,21.757685],[104.925537,21.629112],[104.9785,21.50054],[104.851295,21.179108],[105.095596,20.857677],[104.872993,20.857677],[104.90535,20.600533],[104.619095,20.66482],[104.439575,20.47196],[104.980621,20.150528],[104.864845,19.893383],[104.992134,19.764809],[104.940002,19.443375],[105.014023,19.443375],[105.01516,18.993366],[105.142303,18.864792],[105.03727,18.67193],[105.185127,18.67193],[105.143799,18.41478],[106.41626,17.129026],[106.39624,17.00045],[106.60743,16.936163],[107.026428,17.257601],[106.751701,17.386177],[106.772095,17.514753],[106.571182,17.643328],[106.569565,18.093342],[106.294876,18.221918],[106.178307,18.41478],[106.030518,18.41478],[106.051346,18.543354],[105.733894,18.864792],[105.965477,19.829096],[106.536949,20.150528],[106.685379,20.600533],[106.833717,20.600533],[106.961327,20.921965],[107.417351,20.98625],[107.790337,21.436253],[108.555191,21.564825],[108.651695,21.693398],[109.08638,21.629112],[109.116219,21.371967],[109.806961,21.50054],[109.870056,21.436253],[109.696037,20.857677],[109.770241,20.857677],[109.789452,20.536247],[109.926781,20.47196],[109.882896,20.214815],[110.486877,20.279102],[110.616272,20.600533],[110.363846,20.857677],[110.482529,21.114822],[110.419449,21.179108],[110.716423,21.179108],[110.738853,21.30768],[110.984192,21.436253],[111.664062,21.50054],[111.858505,21.757685],[112.441467,21.693398],[112.773628,21.886257],[113.070969,21.886257],[113.106262,22.079117],[113.31752,22.01483],[113.415573,22.143402],[113.63868,22.143402],[113.6987,22.464836],[113.598541,22.721985],[113.747437,22.721985],[113.78524,22.529123],[113.996346,22.464836],[113.998589,22.079117],[114.370392,22.079117],[114.531113,22.143402],[114.640816,22.721985],[114.752724,22.529123],[114.901566,22.529123],[115.174423,22.786272],[115.372856,22.657698],[115.670616,22.657698],[115.695625,22.786272],[116.540047,22.914846],[116.591446,23.171995],[116.81498,23.171995],[116.77964,23.364861],[116.893898,23.557724],[117.178833,23.493437],[117.469955,23.814878],[117.693771,23.814878],[117.721268,23.943457],[118.075737,24.200613],[118.147369,24.522062],[118.759727,24.586353],[118.819115,24.843517],[119.073677,24.972099],[119.02948,25.100683],[119.344193,25.164974],[119.391144,25.357851],[119.273148,25.486437],[119.6157,25.357851],[119.872139,25.486437],[119.904381,25.615021],[119.5299,25.615021],[119.778366,26.000778],[119.587013,26.129364],[119.938103,26.322245],[119.839928,26.515121],[120.157692,26.579414],[120.2108,26.772293],[120.060585,26.772293],[120.096397,26.900877],[120.246666,26.900877],[120.394669,27.158045],[120.545036,27.158045],[120.732513,27.543789],[120.657257,27.543789],[120.714615,27.736658],[120.867737,27.993813],[121.038162,28.058102],[121.117958,28.31525],[121.193382,28.31525],[121.153267,28.186676],[121.379448,28.186676],[121.645905,28.31525],[121.652115,28.572392],[121.521774,28.636677],[121.714333,28.765244],[121.744316,29.086657],[121.538887,29.150936],[121.647026,29.472334],[121.571342,29.472334],[121.744637,29.536612],[121.711563,29.215218],[121.938431,29.215218],[122.015953,29.665165],[121.864502,29.665165],[122.029785,29.922264],[121.620239,30.05081],[121.484093,30.307894],[121.104691,30.307894],[120.808807,30.115082],[120.679764,30.179354],[121.045303,30.564972],[121.197197,30.564972],[121.519218,30.822044],[121.899261,30.822044],[121.99527,31.079113],[121.73658,31.400452],[121.584259,31.400452],[121.633507,31.528988],[121.481125,31.528988],[121.45443,31.657526],[120.919144,31.850336],[121.300529,31.850336],[121.835564,31.657526],[121.936775,31.721796],[121.961327,31.978878],[121.503304,32.171696],[121.402649,32.493073],[120.919205,32.621628],[120.9263,33.200188],[120.550453,33.585949],[120.489365,34.164703],[120.34182,34.357655],[119.732307,34.550625],[119.71125,34.679283],[119.430901,34.743614],[119.459015,34.807949],[119.227608,34.807949],[119.618744,35.515793],[119.986481,35.644527],[120.318489,36.030804],[120.658524,36.095196],[120.73185,36.417206],[120.964813,36.417206],[120.978928,36.610455],[121.212082,36.610455],[121.912079,36.932613],[122.39389,36.803738],[122.566368,36.997059],[122.474213,37.125961],[122.712883,37.448292],[122.121117,37.512772],[122.153519,37.577259],[121.49688,37.512772],[121.483337,37.641747],[121.171036,37.641747],[121.112022,37.835243],[120.753777,37.899754],[120.188072,37.706242],[120.202202,37.577259],[119.826614,37.448292],[119.701111,37.190418],[119.155685,37.190418],[119.139961,37.319347],[118.984039,37.319347],[119.236557,37.835243],[119.392845,37.835243],[119.45713,37.964268],[118.771767,38.157841],[118.804169,38.222378],[118.647598,38.222378],[118.583,38.093311],[118.067421,38.157841],[118.053604,38.286919],[117.772667,38.351463],[117.759209,38.480572],[117.602455,38.480572],[117.654907,38.738853],[117.576431,38.738853],[117.776039,39.126453],[118.045662,39.191074],[118.056862,39.06184],[118.449844,39.06184],[118.989418,39.191074],[119.215302,39.320335],[119.380447,39.772949],[120.500298,40.225895],[120.647346,40.484875],[120.996727,40.679188],[121.109764,40.873566],[121.823662,40.873566],[121.826958,40.743973],[122.106094,40.679188],[122.23056,40.484875],[121.776466,39.96703],[121.503326,39.902328],[121.438339,39.6436],[121.280693,39.6436],[121.209633,39.514275],[121.296532,39.384975],[121.690132,39.384975],[121.515129,39.06184],[121.200737,39.06184],[121.029335,38.738853],[121.421707,38.738853],[121.716225,38.997231],[121.951935,38.997231],[122.170448,39.255703],[122.935959,39.6436],[123.597443,39.837635],[124.033966,39.772949],[124.344604,39.902328],[124.512398,39.6436],[124.864563,39.708271],[124.869743,39.578934],[125.305748,39.514275],[125.39003,39.384975],[125.031555,38.738853],[125.188507,38.738853],[125.153305,38.674274],[124.96138,38.609699],[124.788063,38.286919],[124.866371,38.286919],[124.763741,38.093311],[125.076691,38.093311],[124.896652,37.899754],[125.20932,37.899754],[125.29808,37.770741],[125.230965,37.641747],[125.387115,37.641747],[125.678322,37.899754],[125.834663,37.899754]]],[[[122.272583,30.179354],[122.045036,30.179354],[121.976616,29.986536],[122.279823,29.986536],[122.272583,30.179354]]]]}},{"type":"Feature","id":"cliopatria-1296","properties":{"recordId":"cliopatria-1296","polityId":"han-dynasty","name":"Han Hanedanı","color":"#53816e","start":197,"endExclusive":207},"geometry":{"type":"MultiPolygon","coordinates":[[[[109.840645,18.221918],[109.862198,18.350492],[110.17942,18.479067],[110.190285,18.543354],[110.507759,18.67193],[110.680573,19.250515],[110.85067,19.379087],[110.883865,19.571949],[111.031937,19.571949],[111.087418,19.893383],[110.909477,20.150528],[110.613037,20.150528],[110.59095,20.021955],[110.157379,20.086243],[109.246361,19.957668],[109.202774,19.700523],[108.704277,19.379087],[108.638184,18.543354],[108.764595,18.41478],[109.123337,18.350492],[109.249687,18.221918],[109.840645,18.221918]]],[[[113.78524,22.529123],[113.996346,22.464836],[113.998589,22.079117],[114.531113,22.143402],[114.640816,22.721985],[114.715263,22.721985],[114.752724,22.529123],[114.901566,22.529123],[115.174423,22.786272],[115.372856,22.657698],[115.670616,22.657698],[115.695625,22.786272],[116.540047,22.914846],[116.591446,23.171995],[116.81498,23.171995],[116.77964,23.364861],[116.893898,23.557724],[117.178833,23.493437],[117.469955,23.814878],[117.693771,23.814878],[117.721268,23.943457],[118.075737,24.200613],[118.147369,24.522062],[118.759727,24.586353],[118.819115,24.843517],[119.073677,24.972099],[119.02948,25.100683],[119.344193,25.164974],[119.391144,25.357851],[119.273148,25.486437],[119.422897,25.486437],[119.465996,25.357851],[119.872139,25.486437],[119.904381,25.615021],[119.5299,25.615021],[119.778366,26.000778],[119.587013,26.129364],[119.938103,26.322245],[119.839928,26.515121],[120.157692,26.579414],[120.2108,26.772293],[120.060585,26.772293],[120.096397,26.900877],[120.246666,26.900877],[120.394669,27.158045],[120.545036,27.158045],[120.732513,27.543789],[120.657257,27.543789],[120.714615,27.736658],[120.867737,27.993813],[121.038162,28.058102],[121.117958,28.31525],[121.193382,28.31525],[121.153267,28.186676],[121.645905,28.31525],[121.652115,28.572392],[121.521774,28.636677],[121.714333,28.765244],[121.744316,29.086657],[121.538887,29.150936],[121.593246,29.536612],[121.798386,29.472334],[121.711563,29.215218],[121.938431,29.215218],[122.003532,29.408054],[121.927872,29.408054],[122.015953,29.665165],[121.864502,29.665165],[122.029785,29.922264],[121.620239,30.05081],[121.484093,30.307894],[121.104691,30.307894],[120.808807,30.115082],[120.679764,30.179354],[121.045303,30.564972],[121.296516,30.62924],[121.319984,30.693508],[121.395958,30.693508],[121.519218,30.822044],[121.899261,30.822044],[121.99527,31.079113],[121.73658,31.400452],[121.584259,31.400452],[121.633507,31.528988],[121.481125,31.528988],[121.45443,31.657526],[120.919144,31.850336],[121.580559,31.786066],[121.683113,31.657526],[121.835564,31.657526],[121.987022,31.850336],[121.783211,32.107422],[121.503304,32.171696],[121.402649,32.493073],[120.919205,32.621628],[120.973473,32.943039],[120.896889,32.943039],[120.9263,33.200188],[120.550453,33.585949],[120.489365,34.164703],[120.34182,34.357655],[119.732307,34.550625],[119.71125,34.679283],[119.430901,34.743614],[119.459015,34.807949],[119.227608,34.807949],[119.369049,35.129658],[119.618744,35.515793],[119.77346,35.515793],[120.259079,35.902035],[120.318489,36.030804],[120.473549,36.030804],[120.658524,36.095196],[120.73185,36.417206],[120.964813,36.417206],[120.978928,36.610455],[121.212082,36.610455],[121.912079,36.932613],[122.39389,36.803738],[122.566368,36.997059],[122.474213,37.125961],[122.712883,37.448292],[122.121117,37.512772],[122.153519,37.577259],[121.49688,37.512772],[121.483337,37.641747],[121.171036,37.641747],[121.112022,37.835243],[120.753777,37.899754],[120.188072,37.706242],[120.202202,37.577259],[119.826614,37.448292],[119.701111,37.190418],[119.155685,37.190418],[119.139961,37.319347],[118.984039,37.319347],[119.236557,37.835243],[119.392845,37.835243],[119.45713,37.964268],[118.771767,38.157841],[118.804169,38.222378],[118.647598,38.222378],[118.583,38.093311],[118.067421,38.157841],[118.053604,38.286919],[117.602455,38.480572],[117.642494,38.868031],[117.70903,38.997231],[117.888374,39.191074],[118.045662,39.191074],[118.056862,39.06184],[118.989418,39.191074],[119.215302,39.320335],[119.380447,39.772949],[120.500298,40.225895],[120.647346,40.484875],[121.07196,40.808765],[121.109764,40.873566],[121.823662,40.873566],[121.826958,40.743973],[122.106094,40.679188],[122.23056,40.484875],[121.776466,39.96703],[121.503326,39.902328],[121.438339,39.6436],[121.280693,39.6436],[121.209633,39.514275],[121.296532,39.384975],[121.690132,39.384975],[121.515129,39.06184],[121.200737,39.06184],[121.029335,38.738853],[121.421707,38.738853],[121.716225,38.997231],[121.951935,38.997231],[122.170448,39.255703],[122.935959,39.6436],[123.597443,39.837635],[124.033966,39.772949],[124.344604,39.902328],[124.512398,39.6436],[124.864563,39.708271],[124.869743,39.578934],[125.305748,39.514275],[125.39003,39.384975],[125.031555,38.738853],[125.188507,38.738853],[125.153305,38.674274],[124.96138,38.609699],[124.788063,38.286919],[124.866371,38.286919],[124.763741,38.093311],[125.076691,38.093311],[124.896652,37.899754],[125.20932,37.899754],[125.29808,37.770741],[125.230965,37.641747],[125.387115,37.641747],[125.678322,37.899754],[125.834663,37.899754],[125.844933,37.770741],[126.347687,37.835243],[126.937431,38.351463],[127.022903,38.932625],[126.854065,39.191074],[126.964455,39.384975],[126.728287,39.384975],[126.832291,39.837635],[126.709496,40.031734],[126.431732,40.096447],[126.269295,40.35537],[126.425056,40.61441],[126.622818,40.679188],[126.742096,41.003189],[126.186966,41.132843],[126.108391,41.262531],[125.790443,41.262531],[125.830666,41.327385],[124.677773,41.132843],[124.717384,41.197685],[124.439171,41.262531],[124.47892,41.327385],[124.240379,41.327385],[124.280167,41.392246],[124.001801,41.457119],[124.041718,41.521996],[123.564339,41.651779],[123.604416,41.716682],[123.365372,41.716682],[123.405487,41.781593],[123.126762,41.846512],[123.166992,41.911442],[120.941772,41.262531],[119.390015,41.327385],[119.428101,41.392246],[118.791771,41.392246],[118.82975,41.457119],[118.632683,41.392246],[118.670616,41.457119],[118.4319,41.457119],[118.469864,41.521996],[118.03405,41.457119],[118.071877,41.521996],[117.791306,41.586884],[117.707924,41.716682],[117.822563,41.911442],[117.701401,41.976379],[117.737289,42.171238],[117.337875,42.171238],[115.992393,41.781593],[114.807671,40.808765],[114.296524,40.743973],[113.760391,40.484875],[113.622536,40.225895],[113.004372,39.6436],[112.029022,37.964268],[112.594292,37.835243],[112.534439,37.706242],[112.612534,37.706242],[112.55304,37.577259],[112.649948,37.448292],[112.429802,36.610455],[112.507523,36.610455],[112.450966,36.481617],[112.550026,36.352795],[112.522011,36.288391],[112.765518,35.773273],[112.997841,35.773273],[113.601677,36.095196],[113.984192,36.610455],[114.217346,36.610455],[114.392868,36.481617],[114.348938,36.030804],[114.65905,36.030804],[114.835159,35.902035],[115.868713,36.481617],[116.315773,36.610455],[116.286385,36.546032],[116.693817,36.417206],[117.102303,35.773273],[117.489517,35.773273],[118.225273,36.030804],[118.380325,36.030804],[118.476929,35.902035],[117.88858,34.743614],[117.651779,34.550625],[117.343552,34.550625],[117.139687,34.614952],[117.24968,34.872288],[117.431725,34.936626],[117.438126,35.129658],[116.770828,35.194008],[116.483589,35.065311],[116.237747,34.486301],[114.972916,33.843155],[113.821144,33.457355],[112.313698,33.32877],[112.111099,33.200188],[111.623474,33.32877],[111.543999,33.521652],[111.261719,33.585949],[110.974243,34.229019],[110.768707,34.293335],[110.819603,34.421978],[110.691086,34.486301],[110.716766,34.743614],[110.588356,34.807949],[110.666237,35.000969],[110.589043,35.000969],[110.74662,35.38707],[110.981171,35.580158],[111.743134,37.512772],[110.45504,37.770741],[110.48439,37.835243],[110.093674,37.835243],[110.123009,37.899754],[108.843361,37.835243],[108.74501,37.964268],[108.510445,37.964268],[108.53949,38.028786],[107.35862,37.835243],[105.773773,37.964268],[104.462891,37.641747],[104.36158,37.770741],[103.763985,37.835243],[103.662621,37.964268],[103.879906,38.286919],[103.75135,38.351463],[103.836121,38.545132],[104.107536,38.80344],[103.60788,38.738853],[103.938622,39.126453],[104.667618,39.514275],[104.582825,39.837635],[103.812256,39.708271],[103.132011,39.255703],[102.094833,38.868031],[102.123207,38.932625],[101.630089,39.06184],[101.558586,39.255703],[101.16523,39.255703],[101.181046,39.6436],[100.737198,39.708271],[100.380905,39.96703],[100.144058,39.96703],[100.173454,40.031734],[99.38369,40.031734],[99.284233,40.161167],[98.918365,40.225895],[98.947754,40.29063],[98.502602,40.35537],[98.274483,40.549641],[98.036919,40.549641],[97.888107,40.743973],[97.184273,40.938374],[97.214081,41.003189],[95.229675,41.003189],[93.845451,40.743973],[93.574471,40.484875],[93.364876,40.549641],[93.278069,40.161167],[93.199043,40.161167],[93.090485,39.902328],[93.273438,39.772949],[93.27179,39.384975],[93.954697,39.514275],[94.506096,39.514275],[94.976875,39.320335],[95.318535,39.384975],[95.682274,38.932625],[96.309708,38.738853],[96.414032,38.609699],[96.649307,38.609699],[96.755234,38.868031],[96.676704,38.868031],[96.757072,39.06184],[96.678474,39.06184],[96.759636,39.255703],[96.680969,39.255703],[96.762947,39.449623],[97.467682,39.255703],[97.491646,39.126453],[97.85743,39.06184],[97.960167,38.932625],[98.117264,38.932625],[98.384056,39.191074],[98.957787,39.06184],[99.119774,39.255703],[99.091881,39.191074],[99.378571,39.126453],[99.861755,38.416016],[100.199448,38.286919],[100.413795,38.609699],[100.64225,38.222378],[100.79882,38.222378],[100.796318,38.028786],[101.290092,37.899754],[101.31485,37.770741],[101.60067,37.706242],[101.755302,37.512772],[102.096062,37.770741],[102.042549,37.641747],[102.172035,37.577259],[102.170547,37.383816],[102.585587,37.254879],[102.610962,37.125961],[102.870956,37.190418],[103.207787,37.061508],[103.362709,36.868176],[103.310654,36.739307],[103.440231,36.674877],[103.38858,36.546032],[103.518227,36.481617],[103.466965,36.352795],[103.67556,36.095196],[103.599907,35.902035],[103.677391,35.902035],[103.630043,35.580158],[103.735291,35.451431],[103.502968,34.421978],[103.479347,34.357655],[103.402351,34.357655],[103.355354,34.229019],[103.492821,33.971771],[103.332008,33.521652],[103.034058,33.32877],[102.551598,33.264477],[101.686874,32.750191],[100.97924,31.014847],[101.055305,31.014847],[100.939308,30.62924],[101.015266,30.62924],[100.901924,30.243624],[100.977791,30.243624],[100.885391,29.922264],[100.961182,29.922264],[100.888603,29.665165],[100.964333,29.665165],[100.875298,29.343777],[100.950943,29.343777],[100.88105,29.086657],[101.021988,28.765244],[100.954704,28.508106],[101.030167,28.508106],[100.964058,28.250963],[101.039467,28.250963],[100.915276,28.058102],[101.049881,27.993813],[101.014343,27.543789],[101.089607,27.543789],[101.196487,26.386538],[101.398132,25.936485],[101.462288,25.164974],[101.810852,24.264904],[102.989792,23.364861],[104.90461,23.236284],[104.956093,23.107708],[105.363373,23.300571],[105.615082,23.043421],[105.689575,23.043421],[105.678085,22.979134],[105.357362,22.850525],[105.368736,22.914846],[105.294258,22.914846],[105.282898,22.850559],[105.208435,22.850559],[105.237885,22.59341],[104.874008,22.207689],[105.127953,21.950544],[105.095581,21.757685],[104.925537,21.629112],[104.9785,21.50054],[104.851295,21.179108],[105.095596,20.857677],[104.872993,20.857677],[104.90535,20.600533],[104.619095,20.66482],[104.439575,20.47196],[104.980621,20.150528],[104.864845,19.893383],[104.992134,19.764809],[104.940002,19.443375],[105.014023,19.443375],[105.01516,18.993366],[105.142303,18.864792],[105.03727,18.67193],[105.185127,18.67193],[105.143799,18.41478],[106.533714,16.936163],[106.76487,17.00045],[107.026428,17.257601],[106.751701,17.386177],[106.772095,17.514753],[106.571182,17.643328],[106.569565,18.093342],[106.294876,18.221918],[106.178307,18.41478],[106.030518,18.41478],[106.051346,18.543354],[105.733894,18.864792],[105.965477,19.829096],[106.536949,20.150528],[106.685379,20.600533],[106.833717,20.600533],[106.961327,20.921965],[107.417351,20.98625],[107.790337,21.436253],[108.555191,21.564825],[108.651695,21.693398],[109.08638,21.629112],[109.116219,21.371967],[109.806961,21.50054],[109.870056,21.436253],[109.696037,20.857677],[109.770241,20.857677],[109.789452,20.536247],[109.926781,20.47196],[109.882896,20.214815],[110.486877,20.279102],[110.616272,20.600533],[110.363846,20.857677],[110.482529,21.114822],[110.419449,21.179108],[110.716423,21.179108],[110.738853,21.30768],[110.984192,21.436253],[111.664062,21.50054],[111.858505,21.757685],[112.441467,21.693398],[112.773628,21.886257],[113.070969,21.886257],[113.106262,22.079117],[113.31752,22.01483],[113.451393,22.336264],[113.529795,22.357691],[113.415573,22.143402],[113.63868,22.143402],[113.686615,22.400549],[113.598541,22.721985],[113.747437,22.721985],[113.78524,22.529123]],[[120.175514,36.223988],[120.30069,36.159592],[120.250916,36.052259],[120.115692,36.095196],[120.175514,36.223988]]],[[[121.976616,29.986536],[122.279823,29.986536],[122.272583,30.179354],[122.045036,30.179354],[121.976616,29.986536]]]]}},{"type":"Feature","id":"cliopatria-7269","properties":{"recordId":"cliopatria-7269","polityId":"ottoman-empire","name":"Osmanlı İmparatorluğu","color":"#568487","start":1453,"endExclusive":1459},"geometry":{"type":"MultiPolygon","coordinates":[[[[39.709156,39.708271],[39.677597,40.031734],[38.985519,40.161167],[38.84621,40.29063],[38.213562,40.29063],[37.873169,40.679188],[37.169048,40.743973],[36.878971,40.938374],[36.631977,40.873566],[36.473335,40.873566],[36.411774,41.003189],[36.244179,40.938374],[36.235367,40.873566],[34.878574,40.808765],[34.591869,40.42012],[33.943188,40.29063],[33.769638,40.161167],[33.56646,39.772949],[34.370625,39.902328],[34.434067,39.772949],[35.057148,39.708271],[34.677574,38.480572],[34.890831,38.286919],[35.204063,38.286919],[35.345943,38.157841],[35.394951,37.899754],[35.473118,37.899754],[35.465847,37.835243],[35.622135,37.835243],[35.722382,38.028786],[36.050289,38.157841],[36.159073,38.416016],[36.480289,38.480572],[36.825657,38.738853],[38.84877,38.609699],[38.874676,38.80344],[40.088627,39.06184],[40.185711,39.191074],[40.046947,39.320335],[40.06562,39.449623],[39.908127,39.449623],[39.926842,39.578934],[39.709156,39.708271]]],[[[20.148855,39.578934],[20.151897,39.6436],[20.073074,39.6436],[20.070057,39.578934],[20.148855,39.578934]]],[[[26.145538,40.679188],[26.140261,40.61441],[26.219475,40.61441],[26.224779,40.679188],[26.145538,40.679188]]],[[[29.024105,44.777294],[29.105198,44.777294],[29.112377,44.842648],[29.525349,44.908016],[29.658415,45.365879],[29.577034,45.365879],[29.584459,45.431332],[29.095985,45.431332],[28.667742,45.235004],[28.3494,45.300438],[28.281864,45.431332],[28.037626,45.431332],[27.861311,45.300438],[27.847858,45.169586],[27.99688,45.038776],[27.969887,44.777294],[27.801037,44.711948],[27.787735,44.581291],[27.943035,44.51598],[27.828875,44.189568],[27.492672,44.059074],[26.281424,44.059074],[25.848551,43.733017],[25.434298,43.602661],[24.881397,43.733017],[24.150879,43.667835],[23.601761,43.863411],[22.951792,43.79821],[22.894636,44.124317],[22.504435,44.320103],[22.518192,44.51598],[22.689453,44.646614],[22.532,44.711948],[22.113352,44.51598],[22.095646,44.254829],[21.929609,44.189568],[21.89934,43.733017],[22.127987,43.537502],[22.288996,43.537502],[22.356157,43.342072],[22.516985,43.342072],[22.50354,43.146725],[22.583864,43.146725],[22.463728,42.561192],[22.539383,42.496178],[22.126545,42.301189],[21.487024,42.301189],[21.235558,42.106277],[20.999783,42.171238],[20.752748,42.041325],[20.578678,41.781593],[20.263311,41.846512],[20.114149,42.041325],[19.628656,41.911442],[19.618912,41.716682],[19.53923,41.716682],[19.53603,41.651779],[19.456375,41.651779],[19.453215,41.586884],[19.768454,41.521996],[19.666508,41.068012],[19.428295,41.068012],[19.498455,40.873566],[19.254547,40.743973],[19.248652,40.61441],[19.486294,40.61441],[19.471369,40.29063],[19.62953,40.29063],[20.009418,39.96703],[19.918411,39.708271],[20.154955,39.708271],[20.297249,39.384975],[20.678278,39.126453],[21.146749,39.06184],[21.700359,39.126453],[21.850657,38.997231],[22.164946,38.997231],[21.99044,38.674274],[22.055157,38.416016],[22.211866,38.416016],[22.20842,38.351463],[22.286751,38.351463],[22.290222,38.416016],[22.525288,38.416016],[22.393433,38.868031],[23.02162,38.868031],[22.958305,39.126453],[22.797287,39.06184],[22.816326,39.384975],[23.135168,39.449623],[22.610868,39.902328],[22.701664,40.096447],[22.543659,40.096447],[22.559515,40.35537],[22.65485,40.61441],[22.89249,40.61441],[22.884186,40.484875],[23.267256,40.29063],[23.737373,40.225895],[23.838575,40.549641],[23.684629,40.61441],[23.698017,40.808765],[24.010609,40.743973],[24.346565,41.003189],[25.849451,40.938374],[26.161491,40.873566],[26.224779,40.679188],[26.626444,40.743973],[26.921368,40.484875],[27.017187,40.679188],[27.527481,41.068012],[29.115555,41.068012],[29.102762,40.938374],[29.24865,40.808765],[29.49301,40.873566],[29.394409,40.679188],[28.912746,40.61441],[28.900379,40.484875],[29.046322,40.35537],[27.938818,40.35537],[27.950455,40.484875],[27.792133,40.484875],[27.695789,40.29063],[27.537628,40.29063],[27.469822,40.42012],[26.6731,40.35537],[26.683887,40.484875],[26.604727,40.484875],[26.272333,40.29063],[26.132458,39.514275],[26.846579,39.578934],[26.742226,39.255703],[26.894468,39.191074],[26.879292,38.997231],[26.957865,38.997231],[26.84947,38.609699],[27.079775,38.545132],[27.064962,38.351463],[26.594975,38.351463],[26.535763,38.609699],[26.383688,38.674274],[26.428907,38.222378],[26.820328,38.222378],[26.888994,38.093311],[27.275282,38.028786],[27.177744,37.770741],[27.255865,37.770741],[27.163431,37.577259],[27.309988,37.448292],[27.222542,37.319347],[27.539192,37.383816],[27.597979,37.125961],[28.06535,37.125961],[28.13833,37.061508],[28.031439,36.674877],[28.186922,36.674877],[28.357105,36.868176],[29.124916,36.739307],[29.239721,36.223988],[29.938032,36.223988],[30.026136,36.352795],[30.491936,36.352795],[30.619068,36.932613],[31.086039,36.932613],[31.768852,36.739307],[31.960106,37.125961],[31.804316,37.125961],[31.684429,37.512772],[30.999775,37.706242],[31.517374,38.222378],[31.836832,38.286919],[31.849543,38.416016],[31.555079,38.609699],[30.933836,38.674274],[31.075584,39.320335],[31.613253,39.191074],[32.485226,39.255703],[32.499031,39.384975],[32.656475,39.384975],[32.777729,39.772949],[32.749607,40.225895],[32.670551,40.225895],[32.677891,40.29063],[32.756973,40.29063],[32.764366,40.35537],[32.613522,40.42012],[32.635799,40.61441],[32.556587,40.61441],[32.601707,41.003189],[32.371109,41.068012],[32.306789,41.197685],[31.98151,41.132843],[31.69326,41.392246],[31.613718,41.392246],[31.180054,41.068012],[30.624228,41.068012],[30.479235,41.197685],[28.963121,41.132843],[28.975935,41.262531],[28.505287,41.327385],[28.279182,41.457119],[28.21833,41.651779],[27.979368,41.651779],[28.004253,41.911442],[27.783546,42.106277],[27.796032,42.23621],[27.49489,42.431171],[27.513538,42.626213],[27.846626,42.756287],[27.804897,43.146725],[27.898201,43.276947],[28.226366,43.342072],[28.159195,43.472347],[28.481092,43.472347],[28.616276,43.993843],[28.535557,43.993843],[28.576906,44.385384],[28.840725,44.581291],[28.802006,44.973392],[29.045572,44.973392],[29.024105,44.777294]]]]}},{"type":"Feature","id":"cliopatria-7629","properties":{"recordId":"cliopatria-7629","polityId":"ottoman-empire","name":"Osmanlı İmparatorluğu","color":"#568487","start":1492,"endExclusive":1502},"geometry":{"type":"MultiPolygon","coordinates":[[[[20.786493,38.093311],[20.795446,38.286919],[20.56641,38.416016],[20.328466,38.351463],[20.319902,38.157841],[20.786493,38.093311]]],[[[23.488827,38.80344],[23.484909,38.738853],[23.563383,38.738853],[23.567327,38.80344],[23.488827,38.80344]]],[[[26.24589,38.932625],[26.643574,38.997231],[26.511208,39.320335],[26.043896,39.384975],[25.793419,39.191074],[26.103172,39.126453],[26.093567,38.997231],[26.24589,38.932625]]],[[[20.070057,39.578934],[20.148855,39.578934],[20.151897,39.6436],[20.073074,39.6436],[20.070057,39.578934]]],[[[24.973936,39.837635],[25.447329,39.837635],[25.461861,40.031734],[25.066978,40.031734],[24.973936,39.837635]]],[[[25.703753,40.096447],[26.024851,40.161167],[26.035089,40.29063],[25.718765,40.29063],[25.703753,40.096447]]],[[[24.793625,40.61441],[24.808144,40.808765],[24.490965,40.808765],[24.55126,40.549641],[24.793625,40.61441]]],[[[28.576906,44.385384],[28.840725,44.581291],[28.802006,44.973392],[29.038406,44.908016],[29.031252,44.842648],[29.105198,44.777294],[29.525349,44.908016],[29.665873,45.431332],[29.584459,45.431332],[29.614275,45.69326],[29.8589,45.69326],[30.395021,46.086506],[30.418661,46.283295],[30.2707,46.414547],[30.024994,46.414547],[29.653732,46.742905],[29.571663,46.742905],[28.885681,46.480194],[28.440407,46.152088],[28.507975,46.020935],[28.330547,45.889828],[28.309614,45.69326],[28.14653,45.69326],[28.11904,45.431332],[27.861311,45.300438],[27.847858,45.169586],[27.99688,45.038776],[27.969887,44.777294],[27.801037,44.711948],[27.787735,44.581291],[27.943035,44.51598],[27.828875,44.189568],[27.492672,44.059074],[26.281424,44.059074],[25.848551,43.733017],[25.434298,43.602661],[24.881397,43.733017],[24.150879,43.667835],[23.601761,43.863411],[22.951792,43.79821],[22.894636,44.124317],[22.504435,44.320103],[22.518192,44.51598],[22.689453,44.646614],[22.532,44.711948],[22.275288,44.51598],[21.951416,44.51598],[21.879147,44.646614],[21.405478,44.842648],[21.080976,44.842648],[20.829695,44.711948],[20.265991,44.777294],[19.923632,44.450676],[19.033331,44.450676],[18.72208,44.711948],[17.765867,45.104176],[16.544802,45.038776],[16.294586,44.842648],[16.285852,44.581291],[16.5243,44.450676],[16.519754,44.320103],[16.274956,44.254829],[16.264099,43.928623],[16.579994,43.733017],[16.821783,43.733017],[16.975687,43.537502],[17.056192,43.537502],[17.05374,43.472347],[17.365383,43.21183],[17.362831,43.146725],[17.443153,43.146725],[17.440577,43.081631],[17.52087,43.081631],[17.518269,43.016544],[18.080114,43.016544],[18.306494,42.691246],[18.713114,42.821339],[18.77809,42.496178],[19.162489,42.171238],[19.398926,42.106277],[19.386181,41.846512],[19.465919,41.846512],[19.462729,41.781593],[19.54244,41.781593],[19.53603,41.651779],[19.456375,41.651779],[19.453215,41.586884],[19.768454,41.521996],[19.666508,41.068012],[19.428295,41.068012],[19.498455,40.873566],[19.254547,40.743973],[19.248652,40.61441],[19.486294,40.61441],[19.471369,40.29063],[19.62953,40.29063],[20.009418,39.96703],[19.918411,39.708271],[20.154955,39.708271],[20.297249,39.384975],[20.910957,39.06184],[20.741354,38.80344],[20.973709,38.738853],[21.193251,38.416016],[21.738432,38.351463],[21.728594,38.157841],[21.41555,38.157841],[21.243582,37.835243],[21.696598,37.512772],[21.612354,37.383816],[21.671822,36.997059],[22.219992,37.061508],[22.356344,36.674877],[22.511827,36.674877],[22.599413,36.868176],[22.832832,36.868176],[23.056013,36.674877],[22.85322,37.254879],[22.700735,37.319347],[22.71443,37.577259],[23.101137,37.512772],[23.168507,37.319347],[23.402393,37.319347],[23.413258,37.512772],[23.342487,37.641747],[23.108261,37.641747],[23.044498,37.899754],[23.200832,37.899754],[23.208162,38.028786],[23.442802,38.028786],[23.978632,37.835243],[24.0021,38.222378],[24.158669,38.222378],[24.178871,38.545132],[24.030163,38.674274],[23.563383,38.738853],[23.626148,38.480572],[23.312632,38.480572],[23.167202,38.674274],[22.935583,38.738853],[23.025423,38.932625],[23.331829,38.80344],[23.492762,38.868031],[22.958305,39.126453],[22.797287,39.06184],[22.816326,39.384975],[23.135168,39.449623],[22.610868,39.902328],[22.701664,40.096447],[22.543659,40.096447],[22.559515,40.35537],[22.65485,40.61441],[22.89249,40.61441],[22.884186,40.484875],[23.267256,40.29063],[23.737373,40.225895],[23.838575,40.549641],[23.684629,40.61441],[23.698017,40.808765],[24.010609,40.743973],[24.346565,41.003189],[25.378458,41.003189],[26.082169,40.873566],[26.140261,40.61441],[26.626444,40.743973],[26.921368,40.484875],[27.017187,40.679188],[27.527481,41.068012],[28.077255,41.003189],[28.16881,41.132843],[28.407103,41.132843],[28.632891,41.003189],[29.115555,41.068012],[29.102762,40.938374],[29.24865,40.808765],[29.49301,40.873566],[29.48008,40.743973],[28.912746,40.61441],[28.900379,40.484875],[29.046322,40.35537],[27.938818,40.35537],[27.950455,40.484875],[27.792133,40.484875],[27.695789,40.29063],[27.537628,40.29063],[27.469822,40.42012],[26.6731,40.35537],[26.683887,40.484875],[26.604727,40.484875],[26.272333,40.29063],[26.2465,39.96703],[26.167549,39.96703],[26.132458,39.514275],[26.846579,39.578934],[26.742226,39.255703],[26.894468,39.191074],[26.879292,38.997231],[26.957865,38.997231],[26.84947,38.609699],[27.079775,38.545132],[27.064962,38.351463],[26.594975,38.351463],[26.462139,38.674274],[26.374151,38.545132],[26.452553,38.545132],[26.428907,38.222378],[26.820328,38.222378],[26.888994,38.093311],[27.275282,38.028786],[27.177744,37.770741],[27.255865,37.770741],[27.163431,37.577259],[27.309988,37.448292],[27.222542,37.319347],[27.539192,37.383816],[27.597979,37.125961],[28.06535,37.125961],[28.13833,37.061508],[28.031439,36.674877],[28.186922,36.674877],[28.357105,36.868176],[29.124916,36.739307],[29.239721,36.223988],[29.938032,36.223988],[30.026136,36.352795],[30.491936,36.352795],[30.619068,36.932613],[31.391563,36.868176],[32.068062,36.610455],[32.498512,36.223988],[32.55835,36.030804],[33.662365,36.223988],[33.60981,36.481617],[33.777885,36.610455],[33.751694,37.125961],[34.30365,37.190418],[34.564663,37.448292],[34.876694,37.448292],[35.06089,37.706242],[35.394951,37.899754],[35.622135,37.835243],[35.722382,38.028786],[36.050289,38.157841],[36.159073,38.416016],[36.480289,38.480572],[36.825657,38.738853],[38.84877,38.609699],[38.874676,38.80344],[40.176453,39.126453],[40.06562,39.449623],[39.908127,39.449623],[39.926842,39.578934],[39.649113,39.837635],[39.775803,40.161167],[39.933861,40.161167],[40.032425,40.29063],[40.734127,40.225895],[41.14975,40.35537],[40.93277,40.484875],[41.074001,40.873566],[40.498291,40.743973],[40.459972,41.003189],[39.735538,40.938374],[39.209751,41.132843],[38.535702,40.873566],[38.297737,40.873566],[38.158054,41.003189],[37.831161,40.938374],[37.770565,41.068012],[37.443668,41.003189],[37.214741,41.068012],[37.233234,41.197685],[37.065109,41.132843],[36.774765,41.327385],[36.209202,41.262531],[35.9538,41.716682],[35.156975,41.716682],[35.121212,42.041325],[34.881737,42.041325],[34.7845,41.911442],[32.630775,41.911442],[32.694706,41.781593],[32.193371,41.586884],[32.041729,41.651779],[32.026531,41.521996],[31.534176,41.392246],[31.180054,41.068012],[30.624228,41.068012],[30.479235,41.197685],[28.963121,41.132843],[28.975935,41.262531],[28.505287,41.327385],[28.279182,41.457119],[28.21833,41.651779],[27.979368,41.651779],[27.936981,42.041325],[27.49489,42.431171],[27.513538,42.626213],[27.846626,42.756287],[27.804897,43.146725],[27.898201,43.276947],[28.226366,43.342072],[28.159195,43.472347],[28.481092,43.472347],[28.616276,43.993843],[28.535557,43.993843],[28.576906,44.385384]]],[[[34.953396,44.842648],[35.387939,45.038776],[35.397602,45.104176],[34.566399,44.973392],[34.557079,44.908016],[34.394764,44.908016],[34.033737,44.646614],[33.556446,44.711948],[33.547554,44.646614],[33.466526,44.646614],[33.520962,44.450676],[33.925644,44.450676],[34.376286,44.777294],[34.953396,44.842648]]],[[[36.230137,45.235004],[36.38269,45.169586],[36.423088,45.431332],[36.260265,45.431332],[36.230137,45.235004]]],[[[29.97419,46.677208],[29.892153,46.677208],[29.884386,46.611523],[29.966389,46.611523],[29.97419,46.677208]]],[[[39.385502,47.466473],[39.126324,47.400623],[39.267414,47.26897],[39.220337,47.005829],[39.478775,47.071594],[39.526386,47.334789],[39.385502,47.466473]]]]}},{"type":"Feature","id":"cliopatria-8504","properties":{"recordId":"cliopatria-8504","polityId":"ottoman-empire","name":"Osmanlı İmparatorluğu","color":"#568487","start":1600,"endExclusive":1602},"geometry":{"type":"MultiPolygon","coordinates":[[[[22.41279,46.480194],[21.761742,46.545853],[21.615372,46.808617],[21.369064,46.808617],[21.131197,46.940079],[21.14394,47.137375],[20.818983,47.203167],[20.827284,47.334789],[20.674868,47.532333],[20.691488,47.795925],[20.443634,47.795925],[20.125029,47.993771],[19.211489,47.927807],[18.949644,47.664101],[18.527205,47.466473],[18.425825,47.071594],[18.170061,46.87434],[17.677242,46.87434],[17.261307,46.742905],[16.913298,46.217686],[17.07439,46.152088],[17.064379,45.889828],[17.227657,45.889828],[17.301527,45.69326],[16.802734,45.431332],[16.795595,45.235004],[16.470331,45.235004],[16.219921,45.038776],[15.982434,45.235004],[15.819802,45.235004],[15.803844,44.711948],[15.477728,44.646614],[15.229315,44.450676],[15.225769,44.320103],[15.547369,44.254829],[15.703186,44.059074],[16.821783,43.733017],[16.975687,43.537502],[17.056192,43.537502],[17.05374,43.472347],[17.365383,43.21183],[17.362831,43.146725],[17.443153,43.146725],[17.440577,43.081631],[17.52087,43.081631],[17.518269,43.016544],[18.080114,43.016544],[18.306494,42.691246],[18.713114,42.821339],[18.848999,42.301189],[19.54244,41.781593],[19.450062,41.521996],[19.529659,41.521996],[19.44379,41.392246],[19.523333,41.392246],[19.437559,41.262531],[19.498455,40.873566],[19.254547,40.743973],[19.248652,40.61441],[19.486294,40.61441],[19.471369,40.29063],[19.62953,40.29063],[20.009418,39.96703],[19.918411,39.708271],[20.154955,39.708271],[20.297249,39.384975],[20.910957,39.06184],[20.741354,38.80344],[20.973709,38.738853],[21.193251,38.416016],[21.738432,38.351463],[21.728594,38.157841],[21.41555,38.157841],[21.243582,37.835243],[21.696598,37.512772],[21.603115,37.190418],[21.681032,37.190418],[21.74354,36.868176],[21.899153,36.868176],[21.908501,37.061508],[22.219992,37.061508],[22.356344,36.674877],[22.511827,36.674877],[22.599413,36.868176],[22.832832,36.868176],[23.056013,36.674877],[22.85322,37.254879],[22.700735,37.319347],[22.71443,37.577259],[23.101137,37.512772],[23.168507,37.319347],[23.402393,37.319347],[23.413258,37.512772],[23.342487,37.641747],[23.108261,37.641747],[23.044498,37.899754],[23.200832,37.899754],[23.208162,38.028786],[23.442802,38.028786],[23.978632,37.835243],[24.0021,38.222378],[24.158669,38.222378],[24.178871,38.545132],[24.030163,38.674274],[23.563383,38.738853],[23.626148,38.480572],[23.312632,38.480572],[23.167202,38.674274],[22.935583,38.738853],[23.025423,38.932625],[23.331829,38.80344],[23.492762,38.868031],[22.958305,39.126453],[22.797287,39.06184],[22.816326,39.384975],[23.135168,39.449623],[22.610868,39.902328],[22.701664,40.096447],[22.543659,40.096447],[22.559515,40.35537],[22.65485,40.61441],[22.89249,40.61441],[22.884186,40.484875],[23.267256,40.29063],[23.737373,40.225895],[23.838575,40.549641],[23.684629,40.61441],[23.698017,40.808765],[24.010609,40.743973],[24.346565,41.003189],[25.378458,41.003189],[26.082169,40.873566],[26.140261,40.61441],[26.626444,40.743973],[26.921368,40.484875],[27.017187,40.679188],[27.527481,41.068012],[28.077255,41.003189],[28.16881,41.132843],[28.632891,41.003189],[29.115555,41.068012],[29.102762,40.938374],[29.24865,40.808765],[29.49301,40.873566],[29.48008,40.743973],[28.912746,40.61441],[28.900379,40.484875],[29.046322,40.35537],[27.938818,40.35537],[27.950455,40.484875],[27.792133,40.484875],[27.695789,40.29063],[27.537628,40.29063],[27.469822,40.42012],[26.6731,40.35537],[26.683887,40.484875],[26.604727,40.484875],[26.272333,40.29063],[26.132458,39.514275],[26.846579,39.578934],[26.742226,39.255703],[26.894468,39.191074],[26.879292,38.997231],[26.957865,38.997231],[26.84947,38.609699],[27.079775,38.545132],[27.064962,38.351463],[26.594975,38.351463],[26.535763,38.609699],[26.383688,38.674274],[26.428907,38.222378],[26.820328,38.222378],[26.888994,38.093311],[27.275282,38.028786],[27.177744,37.770741],[27.255865,37.770741],[27.163431,37.577259],[27.309988,37.448292],[27.222542,37.319347],[27.539192,37.383816],[27.597979,37.125961],[28.06535,37.125961],[28.13833,37.061508],[28.031439,36.674877],[28.186922,36.674877],[28.357105,36.868176],[28.590525,36.868176],[28.736103,36.739307],[29.124916,36.739307],[29.239721,36.223988],[29.938032,36.223988],[30.026136,36.352795],[30.491936,36.352795],[30.619068,36.932613],[31.086039,36.932613],[32.068062,36.610455],[32.498512,36.223988],[32.55835,36.030804],[32.713402,36.030804],[33.274414,36.223988],[33.979065,36.288391],[34.250721,36.674877],[34.581635,36.868176],[34.89286,36.868176],[34.95039,36.674877],[35.112656,36.739307],[35.487709,36.610455],[35.833588,36.932613],[36.144901,36.932613],[36.286228,36.803738],[36.2649,36.610455],[35.841743,36.288391],[35.990074,36.223988],[35.844883,35.580158],[35.992947,35.515793],[35.882488,35.194008],[35.959747,35.194008],[35.926987,34.872288],[36.068237,34.743614],[36.048771,34.550625],[35.79213,34.293335],[35.644478,34.357655],[35.683811,33.971771],[35.44701,33.907463],[35.499348,33.650249],[35.345776,33.650249],[35.398403,33.393063],[35.215385,33.071609],[35.056328,33.007324],[35.021759,32.621628],[34.769836,32.364517],[34.813042,31.978878],[34.573296,31.850336],[34.638805,31.721796],[34.546608,31.528988],[34.307598,31.400452],[34.297241,31.271915],[33.982605,31.143381],[32.831676,31.014847],[32.765152,31.143381],[32.532154,31.079113],[32.389412,31.207649],[32.237198,31.207649],[32.303932,31.079113],[31.999636,31.079113],[31.937399,31.271915],[31.780554,31.207649],[31.875221,31.46472],[31.265825,31.46472],[31.11799,31.528988],[31.203297,31.657526],[30.974621,31.657526],[30.965609,31.528988],[30.808777,31.46472],[30.35173,31.46472],[30.271244,31.400452],[30.338793,31.271915],[29.88205,31.271915],[29.801764,31.207649],[29.86956,31.079113],[29.633194,30.950579],[29.485144,31.014847],[29.397089,30.822044],[28.865032,30.822044],[28.496395,31.014847],[27.514896,31.143381],[27.297457,31.336184],[26.847702,31.46472],[25.248035,31.46472],[25.102049,31.593258],[25.111681,31.786066],[24.892485,31.978878],[24.129366,31.978878],[23.68034,32.171696],[23.298517,32.171696],[23.07794,32.364517],[23.089432,32.621628],[21.878729,32.943039],[21.411674,32.750191],[21.108017,32.814472],[20.871243,32.621628],[20.644094,32.685909],[20.715935,32.55735],[20.562992,32.55735],[20.481993,32.428795],[20.331347,32.493073],[20.246113,32.23597],[20.016966,32.23597],[20.089075,32.107422],[19.996077,31.593258],[20.214296,31.271915],[20.134102,31.143381],[20.202085,30.886311],[19.968164,30.693508],[19.964312,30.564972],[19.65501,30.372164],[18.96859,30.243624],[18.896053,30.372164],[18.59247,30.372164],[18.222288,30.757776],[17.846825,30.950579],[16.86352,31.207649],[16.178553,31.207649],[15.648976,31.400452],[15.575982,31.593258],[15.424594,31.657526],[15.282305,32.300243],[15.055077,32.428795],[14.749334,32.428795],[14.674705,32.55735],[14.44444,32.493073],[14.065231,32.750191],[13.75913,32.750191],[13.760528,32.878754],[13.453653,32.814472],[13.301749,32.943039],[12.841785,32.878754],[12.840824,32.750191],[12.534722,32.750191],[12.6121,32.878754],[12.228955,32.814472],[11.464441,33.200188],[11.157825,33.200188],[11.081541,33.585949],[10.697742,33.521652],[10.544031,33.71455],[10.236814,33.71455],[10.005777,33.907463],[10.081673,34.229019],[10.004498,34.293335],[10.543015,34.550625],[10.851213,34.807949],[10.851193,34.936626],[11.082771,35.000969],[11.005732,35.38707],[11.08305,35.38707],[11.08318,35.580158],[10.92842,35.580158],[10.85098,35.773273],[10.696157,35.7089],[10.463515,35.902035],[10.540251,36.352795],[10.462488,36.417206],[11.0062,36.803738],[11.006271,36.997059],[10.85057,36.997059],[10.5396,36.739307],[10.228353,36.803738],[10.305441,37.061508],[10.227568,37.061508],[10.22698,37.254879],[9.993423,37.190418],[9.603086,37.319347],[9.059475,37.061508],[8.903155,37.125961],[8.516411,36.868176],[7.738344,36.868176],[7.502017,37.061508],[7.346272,37.061508],[7.193698,36.868176],[6.804665,36.868176],[6.333924,37.061508],[6.103042,36.932613],[6.105764,36.803738],[5.639056,36.803738],[5.564283,36.674877],[5.097837,36.674877],[4.859499,36.868176],[4.46864,36.932613],[3.850007,36.803738],[3.458979,36.868176],[3.229894,36.739307],[2.84108,36.739307],[2.690169,36.610455],[2.376901,36.674877],[1.529616,36.481617],[1.216212,36.546032],[0.913758,36.352795],[0.678024,36.417206],[0.683685,36.288391],[0.376142,36.223988],[0.083525,35.83765],[-0.53309,35.773273],[-0.446487,35.580158],[-0.672443,35.451431],[-0.90761,35.515793],[-0.913937,35.644527],[-1.223541,35.644527],[-1.136478,35.451431],[-1.358736,35.258358],[-2.121233,35.065311],[-2.114432,34.936626],[-1.715473,34.679283],[-1.578817,33.457355],[-1.502088,33.457355],[-0.68378,34.036079],[-0.689594,34.164703],[-0.535716,34.164703],[-0.467392,34.357655],[0.302584,34.357655],[0.451262,34.486301],[0.684977,34.421978],[1.293753,34.614952],[1.527385,34.550625],[1.751504,34.743614],[1.905736,34.743614],[1.910365,34.614952],[2.4499,34.614952],[2.920502,34.357655],[3.455702,34.486301],[3.842683,34.421978],[4.453888,34.614952],[5.149048,34.550625],[5.377389,34.679283],[6.148353,34.679283],[6.459011,34.550625],[6.920335,34.614952],[7.153474,34.486301],[7.614861,34.550625],[8.001613,34.421978],[8.080752,34.229019],[8.310982,34.293335],[8.927783,34.164703],[8.928752,34.036079],[9.082553,34.036079],[9.083437,33.907463],[9.237561,33.843155],[9.315913,33.585949],[9.623573,33.457355],[9.547471,33.32877],[9.625037,33.135899],[10.084849,33.135899],[10.008607,33.007324],[10.3916,33.007324],[11.157185,32.685909],[11.309854,32.493073],[11.462911,32.55735],[11.539045,32.428795],[11.768353,32.428795],[11.767911,32.300243],[13.066709,32.300243],[13.065671,32.171696],[13.600223,32.171696],[14.284331,31.914606],[14.586112,31.657526],[14.584434,31.528988],[15.187263,31.079113],[15.184455,30.886311],[15.489552,30.950579],[16.701202,30.693508],[17.905045,30.179354],[18.734566,29.986536],[20.951578,30.564972],[21.938847,30.564972],[22.766737,30.372164],[22.761801,30.243624],[22.916023,30.307894],[23.510078,29.986536],[24.259989,29.793715],[24.330372,29.665165],[24.779219,29.536612],[24.846712,29.343777],[25.000763,29.408054],[25.146545,29.279497],[25.373453,29.279497],[25.586285,28.958094],[27.140072,28.250963],[27.285021,28.122389],[27.276333,27.929525],[27.42992,27.993813],[27.791962,27.672369],[27.710918,27.543789],[27.936699,27.543789],[28.153727,27.350918],[28.270245,26.579414],[28.345316,26.579414],[28.243679,25.936485],[28.288647,25.164974],[28.568815,24.650644],[28.788328,24.522062],[28.783688,24.393482],[29.145538,24.072035],[29.140974,23.943457],[29.577219,23.622013],[29.572689,23.493437],[30.00634,23.107708],[30.155346,23.107708],[30.735117,22.657698],[31.321213,22.400549],[31.167763,22.271976],[31.232889,22.01483],[31.458281,22.079117],[31.690849,22.336264],[32.057987,22.207689],[33.622524,22.271976],[35.049801,22.59341],[35.662663,22.979134],[35.808685,22.914846],[35.546444,23.6863],[35.558754,23.943457],[35.854118,23.879168],[35.860409,24.007746],[35.145531,24.650644],[34.607639,25.807899],[34.461281,25.872192],[34.197208,26.515121],[34.050747,26.579414],[34.073112,26.96517],[33.926594,27.029461],[33.799194,27.415209],[33.585106,27.608078],[33.608871,27.993813],[33.10532,28.379536],[32.836128,28.89381],[32.689163,28.958094],[32.441601,29.793715],[32.601883,29.922264],[32.58876,29.729441],[32.857113,29.215218],[33.146774,29.022375],[33.188915,28.508106],[33.402969,28.31525],[33.55381,28.31525],[33.616955,28.122389],[34.120045,27.736658],[34.345943,27.736658],[34.358257,27.929525],[34.517303,28.058102],[34.752258,29.279497],[34.912903,29.408054],[34.853519,28.572392],[34.605419,28.250963],[34.59267,28.058102],[35.049179,28.122389],[35.408699,27.865236],[35.466938,27.608078],[35.613239,27.543789],[35.671688,27.286627],[36.164864,26.772293],[36.429104,26.193659],[36.717297,26.000778],[36.772972,25.679314],[37.270718,25.229267],[37.330799,24.972099],[37.177612,24.907808],[37.170456,24.779226],[37.387592,24.650644],[37.444801,24.329193],[38.031754,24.136324],[38.601074,23.622013],[38.868824,23.043421],[38.858875,22.850559],[39.140198,22.529123],[39.027058,21.757685],[39.169296,21.629112],[39.147015,21.179108],[39.350567,20.793392],[39.843853,20.279102],[40.140362,20.279102],[40.561588,19.829096],[40.85104,19.700523],[40.840767,19.507662],[40.985382,19.443375],[41.042099,19.121941],[41.250076,18.864792],[41.236103,18.607641],[41.450821,18.479067],[41.577473,18.093342],[42.280228,17.450464],[42.336258,17.129026],[42.483738,17.129026],[42.476654,17.00045],[42.757359,16.743298],[42.823986,16.614723],[42.692005,15.521827],[42.765568,15.521827],[42.745789,15.136099],[42.889572,15.071812],[42.953377,14.878947],[43.056641,13.978919],[43.264816,13.721768],[43.235615,13.078892],[43.447048,12.886029],[43.438602,12.693166],[43.802288,12.628879],[45.054119,12.757454],[45.74115,13.336042],[46.184402,13.40033],[46.117348,13.528905],[46.57703,13.914631],[47.05851,14.686084],[46.947475,15.328963],[46.741596,15.586115],[46.826401,15.778978],[46.609386,15.843266],[46.547108,16.036131],[46.628345,16.164707],[46.481083,16.164707],[46.492565,16.357571],[46.349098,16.421858],[46.159004,16.936163],[46.015457,17.00045],[45.953419,17.193314],[46.031086,17.257601],[45.817638,17.386177],[45.825481,17.514753],[45.340141,18.029055],[45.347977,18.157629],[44.788017,18.67193],[44.795769,18.800505],[44.581646,18.929079],[44.523064,19.186228],[44.37891,19.250515],[44.464394,19.443375],[44.312542,19.379087],[43.980045,20.021955],[43.828133,19.957668],[43.68737,20.086243],[43.694767,20.214815],[43.271877,20.600533],[43.141613,20.921965],[42.784878,21.179108],[42.449261,21.82197],[42.166214,22.079117],[42.173389,22.207689],[41.405258,23.107708],[40.868633,24.136324],[40.51857,24.522062],[40.393024,24.907808],[40.247517,24.972099],[39.923386,25.743607],[39.77784,25.807899],[39.583523,26.257952],[39.437927,26.322245],[39.376301,26.515121],[39.455891,26.579414],[39.305748,26.579414],[39.041973,27.093752],[38.896282,27.158045],[38.905655,27.286627],[38.759933,27.350918],[38.703686,27.608078],[38.421749,27.865236],[38.361,28.058102],[38.446232,28.186676],[38.220051,28.186676],[38.229935,28.31525],[37.948078,28.572392],[37.968288,28.829527],[37.81216,28.765244],[37.822308,28.89381],[37.676289,28.958094],[37.219517,29.85799],[37.306007,29.986536],[37.159767,30.05081],[37.209091,30.62924],[37.39513,31.014847],[37.547245,31.014847],[37.482773,31.143381],[37.834927,31.657526],[38.069729,31.721796],[38.011948,31.914606],[38.265965,32.171696],[38.285049,32.364517],[38.643135,32.878754],[38.893002,33.071609],[38.913372,33.264477],[39.247822,33.521652],[39.401318,33.521652],[39.415401,33.650249],[39.806496,33.71455],[39.904991,33.907463],[40.227158,34.036079],[40.926826,34.100391],[41.365364,33.907463],[41.711342,33.585949],[41.864876,33.585949],[42.064545,33.32877],[42.36364,33.264477],[42.708534,32.943039],[43.152584,32.814472],[44.459015,31.593258],[44.444023,31.46472],[44.657562,31.336184],[44.635296,31.143381],[44.794903,31.207649],[45.398151,30.500702],[45.550007,30.500702],[46.099014,29.986536],[46.532158,29.793715],[46.586487,29.600887],[46.745049,29.665165],[46.868004,29.408054],[47.102119,29.472334],[47.239208,29.343777],[47.46616,29.343777],[47.451931,29.215218],[47.89138,29.086657],[47.931774,28.765244],[48.144398,28.636677],[48.05513,28.508106],[48.206055,28.508106],[48.247433,28.186676],[48.466854,28.122389],[48.528782,27.993813],[48.551529,27.479498],[49.0588,27.286627],[49.265144,27.093752],[49.252457,26.96517],[49.878437,26.45083],[49.674477,25.872192],[50.031654,25.679314],[50.477047,24.779226],[51.17622,24.200613],[51.165783,24.072035],[51.74725,23.879168],[51.704201,24.264904],[51.41082,24.329193],[51.523632,24.779226],[51.690022,24.972099],[51.71883,25.293558],[51.574989,25.357851],[51.697906,25.872192],[51.422817,26.129364],[51.122864,26.129364],[50.954536,25.936485],[50.924633,25.615021],[50.768986,25.550728],[50.728928,25.100683],[50.654118,25.100683],[50.607647,25.422144],[50.325462,25.615021],[50.210972,26.000778],[50.06702,26.065071],[50.223007,26.129364],[50.253674,26.45083],[50.116035,26.579414],[50.134964,26.772293],[49.359634,27.286627],[49.241947,27.608078],[48.872158,27.672369],[48.974144,27.929525],[48.562653,28.31525],[48.460411,28.765244],[48.193745,29.086657],[48.215385,29.279497],[48.078644,29.408054],[47.85165,29.408054],[47.866222,29.536612],[48.40353,29.600887],[48.365444,29.922264],[48.987267,30.05081],[48.942848,30.307894],[49.042679,30.500702],[49.118607,30.500702],[49.183945,31.593258],[49.107738,31.593258],[49.150955,31.914606],[49.074661,31.914606],[49.095783,32.621628],[48.969898,32.814472],[49.023022,33.71455],[48.946217,33.71455],[48.99379,34.036079],[48.916889,34.036079],[49.073429,35.065311],[49.150642,35.065311],[49.272884,35.83765],[49.501385,36.288391],[50.554443,36.997059],[50.56572,37.061508],[50.320892,36.997059],[49.854092,37.448292],[49.085102,37.512772],[48.828526,37.835243],[48.841076,38.351463],[48.762745,38.351463],[48.801003,38.997231],[48.915466,39.191074],[49.151405,39.191074],[49.266644,39.384975],[49.404453,40.096447],[49.693348,40.35537],[50.247101,40.35537],[50.194542,40.484875],[49.508362,40.61441],[49.244152,40.873566],[49.270748,41.003189],[49.059227,41.132843],[49.08601,41.262531],[48.278744,41.976379],[48.119152,41.976379],[48.092258,41.846512],[48.171997,41.846512],[47.986267,41.327385],[47.496281,41.262531],[46.816433,41.846512],[46.430569,41.911442],[46.229713,42.106277],[45.683422,42.171238],[45.680202,42.561192],[45.440029,42.561192],[45.157963,42.756287],[44.744633,42.691246],[44.689697,42.821339],[43.783245,42.691246],[43.739883,42.886398],[43.202682,43.016544],[42.917828,43.21183],[41.953583,43.21183],[40.735966,43.602661],[40.172222,43.602661],[39.988922,43.472347],[40.219173,43.407204],[40.415703,43.146725],[40.817322,43.146725],[41.115826,43.016544],[41.173344,42.886398],[41.333752,42.886398],[41.6087,42.626213],[41.483318,42.366177],[41.700584,42.23621],[41.598209,42.106277],[41.757915,42.106277],[41.735458,41.976379],[41.815254,41.976379],[41.56736,41.457119],[41.408218,41.457119],[41.307072,41.327385],[41.15876,41.392246],[41.047256,41.197685],[40.539349,41.003189],[40.390892,41.068012],[40.370331,40.938374],[39.735538,40.938374],[39.050892,41.132843],[38.783352,40.938374],[38.297737,40.873566],[38.158054,41.003189],[37.831161,40.938374],[37.770565,41.068012],[37.214741,41.068012],[37.233234,41.197685],[37.065109,41.132843],[36.774765,41.327385],[36.209202,41.262531],[35.9538,41.716682],[35.156975,41.716682],[35.121212,42.041325],[34.881737,42.041325],[34.7845,41.911442],[32.630775,41.911442],[32.694706,41.781593],[32.193371,41.586884],[32.041729,41.651779],[32.026531,41.521996],[31.534176,41.392246],[31.180054,41.068012],[30.624228,41.068012],[30.479235,41.197685],[28.963121,41.132843],[28.975935,41.262531],[28.352495,41.392246],[28.21833,41.651779],[27.979368,41.651779],[28.004253,41.911442],[27.783546,42.106277],[27.796032,42.23621],[27.49489,42.431171],[27.513538,42.626213],[27.846626,42.756287],[27.804897,43.146725],[27.898201,43.276947],[28.226366,43.342072],[28.159195,43.472347],[28.481092,43.472347],[28.616276,43.993843],[28.535557,43.993843],[28.576906,44.385384],[28.840725,44.581291],[28.802006,44.973392],[29.045572,44.973392],[29.024105,44.777294],[29.525349,44.908016],[29.665873,45.431332],[29.584459,45.431332],[29.614275,45.69326],[29.8589,45.69326],[30.044964,45.889828],[30.297667,45.955376],[30.876579,46.677208],[31.943041,46.677208],[31.986376,47.005829],[31.904171,47.005829],[31.921591,47.137375],[31.189579,47.203167],[31.090488,47.071594],[29.751295,46.87434],[29.653732,46.742905],[29.571663,46.742905],[28.885681,46.480194],[28.440407,46.152088],[28.507975,46.020935],[28.330547,45.889828],[28.309614,45.69326],[28.14653,45.69326],[28.11904,45.431332],[27.868052,45.365879],[27.847858,45.169586],[27.99688,45.038776],[27.969887,44.777294],[27.801037,44.711948],[27.787735,44.581291],[27.943035,44.51598],[27.828875,44.189568],[27.492672,44.059074],[26.281424,44.059074],[25.848551,43.733017],[25.353764,43.602661],[24.881397,43.733017],[24.150879,43.667835],[23.601761,43.863411],[22.951792,43.79821],[22.894636,44.124317],[22.504435,44.320103],[22.518192,44.51598],[22.689453,44.646614],[22.532,44.711948],[22.550482,44.973392],[22.144537,44.973392],[21.841555,45.300438],[21.520401,45.365879],[21.618921,45.627762],[21.781939,45.627762],[21.872248,45.75877],[22.035395,45.75877],[22.130512,45.955376],[22.380154,46.020935],[22.480585,46.283295],[22.398748,46.283295],[22.41279,46.480194]]],[[[2.610407,34.421978],[2.608296,34.486301],[2.531259,34.486301],[2.53339,34.421978],[2.610407,34.421978]]],[[[25.339022,37.125961],[25.330807,36.997059],[25.564358,36.997059],[25.572706,37.125961],[25.339022,37.125961]]],[[[24.201319,37.641747],[24.271585,37.512772],[24.431587,37.577259],[24.361416,37.706242],[24.283318,37.706242],[24.201319,37.641747]]],[[[26.07958,37.706242],[25.988245,37.512772],[26.304852,37.577259],[26.313875,37.706242],[26.07958,37.706242]]],[[[24.694225,38.028786],[24.681931,37.835243],[24.830006,37.706242],[25.06847,37.770741],[24.772438,38.028786],[24.694225,38.028786]]],[[[25.876406,38.157841],[26.111189,38.157841],[26.217344,38.545132],[25.991434,38.674274],[25.912983,38.674274],[25.820757,38.480572],[25.899136,38.480572],[25.876406,38.157841]]],[[[23.567327,38.80344],[23.488827,38.80344],[23.484909,38.738853],[23.563383,38.738853],[23.567327,38.80344]]],[[[24.364975,38.997231],[24.35652,38.868031],[24.662033,38.738853],[24.674931,38.932625],[24.364975,38.997231]]],[[[26.093567,38.997231],[26.24589,38.932625],[26.643574,38.997231],[26.511208,39.320335],[26.043896,39.384975],[25.793419,39.191074],[26.103172,39.126453],[26.093567,38.997231]]],[[[20.151897,39.6436],[20.073074,39.6436],[20.070057,39.578934],[20.148855,39.578934],[20.151897,39.6436]]],[[[25.066978,40.031734],[24.973936,39.837635],[25.447329,39.837635],[25.461861,40.031734],[25.066978,40.031734]]],[[[25.718765,40.29063],[25.703753,40.096447],[26.024851,40.161167],[26.035089,40.29063],[25.718765,40.29063]]],[[[24.55126,40.549641],[24.793625,40.61441],[24.808144,40.808765],[24.490965,40.808765],[24.55126,40.549641]]],[[[43.705887,10.25024],[44.868465,10.057378],[45.097759,10.314528],[45.105324,10.507391],[44.885902,10.507391],[44.883381,10.443103],[44.371422,10.443103],[44.083832,10.571678],[43.733074,10.957403],[43.670059,11.214553],[43.316929,11.535991],[43.170506,11.535991],[43.084549,11.214553],[43.228397,11.150266],[43.498669,10.571678],[43.713188,10.443103],[43.705887,10.25024]]],[[[39.737396,15.264675],[39.740417,15.328963],[39.464451,15.714691],[39.4063,16.036131],[39.259068,16.036131],[39.255974,15.971843],[39.105686,15.907555],[39.099579,15.778978],[39.302158,15.393251],[39.737396,15.264675]]],[[[37.343033,19.121941],[37.102818,18.736217],[37.244553,18.607641],[37.540226,18.607641],[37.697395,18.800505],[37.623455,18.800505],[37.343033,19.121941]]],[[[44.323967,19.571949],[44.32777,19.636236],[44.253727,19.636236],[44.249931,19.571949],[44.323967,19.571949]]],[[[44.253727,19.636236],[44.257519,19.700523],[44.183464,19.700523],[44.17968,19.636236],[44.253727,19.636236]]],[[[40.131012,25.486437],[40.135258,25.550728],[40.060371,25.550728],[40.056137,25.486437],[40.131012,25.486437]]],[[[33.957134,35.258358],[34.529419,35.580158],[34.542076,35.7089],[34.309811,35.7089],[33.737377,35.38707],[32.886871,35.38707],[32.875248,35.258358],[32.554737,35.129658],[32.245789,35.129658],[32.229042,34.936626],[32.366657,34.743614],[33.04356,34.550625],[33.132069,34.679283],[33.523399,34.743614],[33.695393,34.936626],[34.087322,35.000969],[33.957134,35.258358]]],[[[27.692524,36.288391],[27.742563,35.902035],[28.139332,36.030804],[28.250166,36.481617],[28.017138,36.481617],[27.692524,36.288391]]],[[[27.116777,36.932613],[27.03895,36.932613],[26.865324,36.674877],[27.185417,36.803738],[27.116777,36.932613]]],[[[34.376286,44.777294],[34.953396,44.842648],[35.387939,45.038776],[35.397602,45.104176],[34.566399,44.973392],[34.557079,44.908016],[34.394764,44.908016],[34.033737,44.646614],[33.556446,44.711948],[33.547554,44.646614],[33.466526,44.646614],[33.520962,44.450676],[33.925644,44.450676],[34.376286,44.777294]]],[[[36.230137,45.235004],[36.38269,45.169586],[36.423088,45.431332],[36.260265,45.431332],[36.230137,45.235004]]],[[[39.526386,47.334789],[39.385502,47.466473],[39.126324,47.400623],[39.267414,47.26897],[39.220337,47.005829],[39.478775,47.071594],[39.526386,47.334789]]]]}},{"type":"Feature","id":"cliopatria-10555","properties":{"recordId":"cliopatria-10555","polityId":"ottoman-empire","name":"Osmanlı İmparatorluğu","color":"#568487","start":1800,"endExclusive":1803},"geometry":{"type":"MultiPolygon","coordinates":[[[[24.156919,35.515793],[23.615402,35.515793],[23.679211,35.258358],[24.757446,35.194008],[24.823746,35.000969],[26.140074,35.065311],[26.225334,35.194008],[25.680649,35.129658],[25.692335,35.322712],[24.30097,35.322712],[24.149879,35.38707],[24.156919,35.515793]]],[[[25.339022,37.125961],[25.330807,36.997059],[25.564358,36.997059],[25.572706,37.125961],[25.339022,37.125961]]],[[[24.283318,37.706242],[24.201319,37.641747],[24.271585,37.512772],[24.431587,37.577259],[24.361416,37.706242],[24.283318,37.706242]]],[[[25.051886,37.512772],[25.285975,37.512772],[25.220497,37.706242],[24.986202,37.706242],[25.051886,37.512772]]],[[[24.694225,38.028786],[24.681931,37.835243],[24.830006,37.706242],[25.06847,37.770741],[24.772438,38.028786],[24.694225,38.028786]]],[[[25.899136,38.480572],[25.876406,38.157841],[26.111189,38.157841],[26.217344,38.545132],[25.991434,38.674274],[25.912983,38.674274],[25.820757,38.480572],[25.899136,38.480572]]],[[[23.488827,38.80344],[23.484909,38.738853],[23.563383,38.738853],[23.567327,38.80344],[23.488827,38.80344]]],[[[24.364975,38.997231],[24.35652,38.868031],[24.662033,38.738853],[24.674931,38.932625],[24.364975,38.997231]]],[[[20.151897,39.6436],[20.073074,39.6436],[20.070057,39.578934],[20.148855,39.578934],[20.151897,39.6436]]],[[[24.973936,39.837635],[25.447329,39.837635],[25.461861,40.031734],[25.066978,40.031734],[24.973936,39.837635]]],[[[25.718765,40.29063],[25.703753,40.096447],[26.024851,40.161167],[26.035089,40.29063],[25.718765,40.29063]]],[[[24.490965,40.808765],[24.55126,40.549641],[24.793625,40.61441],[24.808144,40.808765],[24.490965,40.808765]]],[[[44.868465,10.057378],[45.097759,10.314528],[45.105324,10.507391],[44.885902,10.507391],[44.883381,10.443103],[44.371422,10.443103],[44.083832,10.571678],[43.733074,10.957403],[43.670059,11.214553],[43.316929,11.535991],[43.170506,11.535991],[43.084549,11.214553],[43.228397,11.150266],[43.498669,10.571678],[43.713188,10.443103],[43.705887,10.25024],[44.868465,10.057378]]],[[[43.819374,13.014604],[43.822266,13.078892],[43.678497,13.143179],[43.613903,13.336042],[43.396767,13.40033],[43.25005,13.40033],[43.235615,13.078892],[43.447048,12.886029],[43.438602,12.693166],[43.658504,12.693166],[43.590843,12.821741],[43.819374,13.014604]]],[[[39.743446,15.393251],[39.464451,15.714691],[39.4063,16.036131],[39.262169,16.100418],[39.179291,15.907555],[39.105686,15.907555],[39.372707,15.328963],[39.73439,15.200387],[39.743446,15.393251]]],[[[37.102818,18.736217],[37.244553,18.607641],[37.540226,18.607641],[37.697395,18.800505],[37.623455,18.800505],[37.343033,19.121941],[37.102818,18.736217]]],[[[32.532154,31.079113],[32.237198,31.207649],[32.303932,31.079113],[32.151783,31.079113],[32.133392,30.822044],[32.057381,30.822044],[32.052845,30.757776],[31.241863,29.986536],[31.137608,29.536612],[30.978313,29.408054],[30.842266,28.379536],[30.9177,28.379536],[30.960947,27.800947],[31.036259,27.800947],[30.943691,27.479498],[31.661722,26.836584],[32.48457,26.772293],[32.556202,26.708],[32.47084,26.515121],[31.498316,26.579414],[31.139154,26.900877],[31.145758,27.029461],[30.923574,27.093752],[30.930208,27.222336],[30.783136,27.286627],[30.796587,27.543789],[30.574173,27.608078],[30.533411,28.250963],[30.458004,28.250963],[30.483112,28.70096],[30.645235,28.89381],[30.569687,28.89381],[30.535936,29.600887],[30.400129,29.85799],[30.036863,30.115082],[29.769053,30.693508],[29.481112,30.950579],[29.405071,30.950579],[29.397089,30.822044],[28.865032,30.822044],[28.496395,31.014847],[27.514896,31.143381],[27.148781,31.400452],[26.394117,31.528988],[25.324211,31.46472],[25.384357,31.143381],[26.128731,30.822044],[27.631086,30.500702],[28.36496,30.05081],[28.464352,29.086657],[28.6021,28.829527],[28.472572,27.736658],[28.240702,27.608078],[28.313,27.543789],[28.220295,27.158045],[28.295477,27.158045],[28.270245,26.579414],[28.345316,26.579414],[28.243679,25.936485],[28.288647,25.164974],[28.568815,24.650644],[28.788328,24.522062],[28.783688,24.393482],[29.145538,24.072035],[29.140974,23.943457],[29.577219,23.622013],[29.572689,23.493437],[30.00634,23.107708],[30.155346,23.107708],[30.735117,22.657698],[31.321213,22.400549],[31.167763,22.271976],[31.232889,22.01483],[31.458281,22.079117],[31.690849,22.336264],[32.057987,22.207689],[33.622524,22.271976],[35.049801,22.59341],[35.662663,22.979134],[35.808685,22.914846],[35.546444,23.6863],[35.558754,23.943457],[35.854118,23.879168],[35.860409,24.007746],[35.145531,24.650644],[34.607639,25.807899],[34.461281,25.872192],[34.197208,26.515121],[34.050747,26.579414],[34.073112,26.96517],[33.926594,27.029461],[33.799194,27.415209],[33.585106,27.608078],[33.608871,27.993813],[33.10532,28.379536],[32.836128,28.89381],[32.689163,28.958094],[32.441601,29.793715],[32.601883,29.922264],[32.58876,29.729441],[32.857113,29.215218],[33.146774,29.022375],[33.188915,28.508106],[33.402969,28.31525],[33.55381,28.31525],[33.616955,28.122389],[34.120045,27.736658],[34.345943,27.736658],[34.358257,27.929525],[34.517303,28.058102],[34.547249,28.508106],[34.711407,28.70096],[34.837238,29.408054],[34.912903,29.408054],[34.853519,28.572392],[34.605419,28.250963],[34.59267,28.058102],[35.049179,28.122389],[35.408699,27.865236],[35.466938,27.608078],[35.613239,27.543789],[35.671688,27.286627],[36.164864,26.772293],[36.429104,26.193659],[36.717297,26.000778],[36.772972,25.679314],[37.270718,25.229267],[37.330799,24.972099],[37.177612,24.907808],[37.170456,24.779226],[37.387592,24.650644],[37.444801,24.329193],[38.031754,24.136324],[38.601074,23.622013],[38.868824,23.043421],[38.858875,22.850559],[39.140198,22.529123],[39.027058,21.757685],[39.169296,21.629112],[39.147015,21.179108],[39.350567,20.793392],[39.495743,20.729105],[39.489315,20.600533],[39.843853,20.279102],[40.137062,20.214815],[40.211182,20.214815],[40.595158,20.47196],[40.760223,20.793392],[40.989555,20.921965],[41.154953,21.243395],[41.465717,21.50054],[41.734226,22.336264],[41.596115,22.529123],[41.550594,23.043421],[41.267239,23.300571],[40.868633,24.136324],[40.51857,24.522062],[40.393024,24.907808],[40.247517,24.972099],[39.923386,25.743607],[39.77784,25.807899],[39.314827,26.708],[38.759933,27.350918],[38.703686,27.608078],[38.421749,27.865236],[38.229935,28.31525],[38.013565,28.443821],[38.023556,28.572392],[37.948078,28.572392],[37.968288,28.829527],[37.81216,28.765244],[37.822308,28.89381],[37.676289,28.958094],[37.219517,29.85799],[37.306007,29.986536],[37.159767,30.05081],[37.30764,30.886311],[37.39513,31.014847],[37.547245,31.014847],[37.482773,31.143381],[37.834927,31.657526],[38.069729,31.721796],[38.011948,31.914606],[38.265965,32.171696],[38.285049,32.364517],[38.643135,32.878754],[38.893002,33.071609],[38.913372,33.264477],[39.247822,33.521652],[39.401318,33.521652],[39.415401,33.650249],[39.806496,33.71455],[39.904991,33.907463],[40.619148,34.100391],[40.926826,34.100391],[41.365364,33.907463],[41.711342,33.585949],[41.864876,33.585949],[42.064545,33.32877],[42.36364,33.264477],[42.708534,32.943039],[43.152584,32.814472],[44.459015,31.593258],[44.444023,31.46472],[44.657562,31.336184],[44.635296,31.143381],[44.794903,31.207649],[45.138184,30.886311],[45.123486,30.757776],[45.680012,30.307894],[46.58316,30.243624],[46.568428,30.115082],[46.955021,30.179354],[47.250927,30.115082],[47.16024,29.986536],[47.751686,29.85799],[47.744251,29.793715],[48.017612,29.536612],[48.40353,29.600887],[48.365444,29.922264],[48.592804,29.922264],[48.600475,29.986536],[48.38842,30.115082],[48.41169,30.307894],[48.275547,30.436434],[48.04781,30.436434],[48.103146,30.886311],[47.738956,31.014847],[47.7957,31.46472],[47.981289,31.721796],[47.582439,32.171696],[47.599449,32.300243],[47.31937,32.493073],[46.94558,32.55735],[46.682133,32.878754],[46.231224,32.943039],[46.137794,33.393063],[45.592758,33.907463],[45.439034,33.907463],[45.645313,34.293335],[45.500168,34.357655],[45.535648,34.614952],[45.6898,34.614952],[45.812077,34.936626],[46.148438,35.129658],[46.059086,35.580158],[46.251804,35.83765],[45.787022,35.83765],[45.350243,36.030804],[45.378494,36.223988],[45.096386,36.417206],[45.056725,36.674877],[44.852112,36.868176],[44.773808,37.383816],[44.627602,37.448292],[44.588886,37.706242],[44.306038,37.899754],[44.454521,38.351463],[44.308002,38.416016],[44.311916,38.932625],[44.165226,38.997231],[44.071045,39.384975],[44.396664,39.449623],[44.51886,39.708271],[44.766449,39.772949],[44.416176,40.031734],[43.863342,40.031734],[43.648197,40.161167],[43.714401,41.003189],[43.555649,41.003189],[43.578472,41.132843],[43.192646,41.197685],[42.863255,41.586884],[42.624374,41.586884],[42.442627,41.457119],[41.806068,41.457119],[41.748489,41.586884],[41.929977,41.716682],[41.986145,42.041325],[41.906322,42.041325],[41.917622,42.106277],[41.837769,42.106277],[41.814594,42.431171],[41.734596,42.431171],[41.55201,42.301189],[41.700584,42.23621],[41.598209,42.106277],[41.757915,42.106277],[41.735458,41.976379],[41.815254,41.976379],[41.56736,41.457119],[41.408218,41.457119],[41.307072,41.327385],[41.15876,41.392246],[41.047256,41.197685],[40.539349,41.003189],[40.390892,41.068012],[40.370331,40.938374],[39.735538,40.938374],[39.050892,41.132843],[38.783352,40.938374],[38.297737,40.873566],[38.158054,41.003189],[37.831161,40.938374],[37.770565,41.068012],[37.214741,41.068012],[37.233234,41.197685],[37.065109,41.132843],[36.774765,41.327385],[36.209202,41.262531],[35.9538,41.716682],[35.156975,41.716682],[35.121212,42.041325],[34.881737,42.041325],[34.7845,41.911442],[32.630775,41.911442],[32.694706,41.781593],[32.193371,41.586884],[32.041729,41.651779],[32.026531,41.521996],[31.534176,41.392246],[31.180054,41.068012],[30.624228,41.068012],[30.479235,41.197685],[28.963121,41.132843],[28.975935,41.262531],[28.505287,41.327385],[28.279182,41.457119],[28.21833,41.651779],[27.979368,41.651779],[27.936981,42.041325],[27.49489,42.431171],[27.513538,42.626213],[27.846626,42.756287],[27.804897,43.146725],[27.898201,43.276947],[28.226366,43.342072],[28.159195,43.472347],[28.481092,43.472347],[28.616276,43.993843],[28.535557,43.993843],[28.576906,44.385384],[28.840725,44.581291],[28.802006,44.973392],[29.038406,44.908016],[29.031252,44.842648],[29.105198,44.777294],[29.525349,44.908016],[29.665873,45.431332],[29.584459,45.431332],[29.614275,45.69326],[29.8589,45.69326],[30.395021,46.086506],[30.402885,46.152088],[30.262836,46.348915],[29.943092,46.414547],[29.884386,46.611523],[29.489594,46.742905],[28.440407,46.152088],[28.507975,46.020935],[28.330547,45.889828],[28.309614,45.69326],[28.14653,45.69326],[28.11904,45.431332],[27.861311,45.300438],[27.847858,45.169586],[27.99688,45.038776],[27.969887,44.777294],[27.801037,44.711948],[27.787735,44.581291],[27.943035,44.51598],[27.828875,44.189568],[27.492672,44.059074],[26.281424,44.059074],[25.848551,43.733017],[25.434298,43.602661],[24.881397,43.733017],[24.150879,43.667835],[23.601761,43.863411],[22.951792,43.79821],[22.894636,44.124317],[22.504435,44.320103],[22.518192,44.51598],[22.689453,44.646614],[22.532,44.711948],[22.275288,44.51598],[21.951416,44.51598],[21.879147,44.646614],[21.405478,44.842648],[20.748632,44.711948],[20.590364,44.777294],[20.520765,44.973392],[20.280941,45.038776],[20.114822,44.973392],[20.019073,44.711948],[19.856951,44.711948],[19.624205,44.908016],[19.221746,44.973392],[18.890594,44.842648],[18.57839,45.104176],[17.763109,45.038776],[17.120859,45.235004],[16.470331,45.235004],[16.219921,45.038776],[15.982434,45.235004],[15.819802,45.235004],[15.803844,44.711948],[16.198404,44.385384],[16.268435,44.059074],[16.429935,44.059074],[16.819412,43.667835],[16.980543,43.667835],[17.365383,43.21183],[17.362831,43.146725],[17.443153,43.146725],[17.440577,43.081631],[17.52087,43.081631],[17.518269,43.016544],[18.080114,43.016544],[18.232065,42.821339],[18.226377,42.691246],[18.713114,42.821339],[18.848999,42.301189],[19.54244,41.781593],[19.450062,41.521996],[19.529659,41.521996],[19.44379,41.392246],[19.523333,41.392246],[19.437559,41.262531],[19.498455,40.873566],[19.254547,40.743973],[19.248652,40.61441],[19.486294,40.61441],[19.471369,40.29063],[19.62953,40.29063],[20.009418,39.96703],[19.918411,39.708271],[20.154955,39.708271],[20.297249,39.384975],[20.910957,39.06184],[20.741354,38.80344],[20.973709,38.738853],[21.193251,38.416016],[21.738432,38.351463],[21.728594,38.157841],[21.41555,38.157841],[21.243582,37.835243],[21.696598,37.512772],[21.603115,37.190418],[21.681032,37.190418],[21.74354,36.868176],[21.899153,36.868176],[21.908501,37.061508],[22.219992,37.061508],[22.356344,36.674877],[22.511827,36.674877],[22.599413,36.868176],[22.832832,36.868176],[23.056013,36.674877],[22.85322,37.254879],[22.700735,37.319347],[22.71443,37.577259],[23.101137,37.512772],[23.168507,37.319347],[23.402393,37.319347],[23.413258,37.512772],[23.342487,37.641747],[23.108261,37.641747],[23.044498,37.899754],[23.200832,37.899754],[23.208162,38.028786],[23.442802,38.028786],[23.978632,37.835243],[24.0021,38.222378],[24.158669,38.222378],[24.178871,38.545132],[24.030163,38.674274],[23.563383,38.738853],[23.626148,38.480572],[23.312632,38.480572],[23.167202,38.674274],[22.935583,38.738853],[23.025423,38.932625],[23.331829,38.80344],[23.492762,38.868031],[22.958305,39.126453],[22.797287,39.06184],[22.816326,39.384975],[23.135168,39.449623],[22.610868,39.902328],[22.701664,40.096447],[22.543659,40.096447],[22.559515,40.35537],[22.65485,40.61441],[22.89249,40.61441],[22.884186,40.484875],[23.267256,40.29063],[23.737373,40.225895],[23.838575,40.549641],[23.684629,40.61441],[23.698017,40.808765],[24.010609,40.743973],[24.346565,41.003189],[25.378458,41.003189],[26.082169,40.873566],[26.140261,40.61441],[26.626444,40.743973],[26.921368,40.484875],[27.017187,40.679188],[27.527481,41.068012],[28.077255,41.003189],[28.16881,41.132843],[28.632891,41.003189],[29.115555,41.068012],[29.102762,40.938374],[29.24865,40.808765],[29.49301,40.873566],[29.48008,40.743973],[28.912746,40.61441],[28.900379,40.484875],[29.046322,40.35537],[27.938818,40.35537],[27.950455,40.484875],[27.792133,40.484875],[27.695789,40.29063],[27.537628,40.29063],[27.469822,40.42012],[26.6731,40.35537],[26.683887,40.484875],[26.604727,40.484875],[26.272333,40.29063],[26.132458,39.514275],[26.846579,39.578934],[26.742226,39.255703],[26.894468,39.191074],[26.879292,38.997231],[26.957865,38.997231],[26.84947,38.609699],[27.079775,38.545132],[27.064962,38.351463],[26.594975,38.351463],[26.535763,38.609699],[26.383688,38.674274],[26.428907,38.222378],[26.820328,38.222378],[26.888994,38.093311],[27.275282,38.028786],[27.177744,37.770741],[27.255865,37.770741],[27.163431,37.577259],[27.309988,37.448292],[27.222542,37.319347],[27.539192,37.383816],[27.597979,37.125961],[28.06535,37.125961],[28.13833,37.061508],[28.031439,36.674877],[28.186922,36.674877],[28.357105,36.868176],[28.590525,36.868176],[28.736103,36.739307],[29.124916,36.739307],[29.239721,36.223988],[29.938032,36.223988],[30.026136,36.352795],[30.491936,36.352795],[30.619068,36.932613],[31.086039,36.932613],[32.068062,36.610455],[32.498512,36.223988],[32.55835,36.030804],[32.713402,36.030804],[33.274414,36.223988],[33.979065,36.288391],[34.250721,36.674877],[34.581635,36.868176],[34.89286,36.868176],[34.95039,36.674877],[35.112656,36.739307],[35.487709,36.610455],[35.833588,36.932613],[36.144901,36.932613],[36.286228,36.803738],[36.2649,36.610455],[35.841743,36.288391],[35.990074,36.223988],[35.844883,35.580158],[35.992947,35.515793],[35.882488,35.194008],[35.959747,35.194008],[35.926987,34.872288],[36.068237,34.743614],[36.048771,34.550625],[35.79213,34.293335],[35.644478,34.357655],[35.683811,33.971771],[35.44701,33.907463],[35.499348,33.650249],[35.345776,33.650249],[35.398403,33.393063],[35.215385,33.071609],[35.056328,33.007324],[35.021759,32.621628],[34.769836,32.364517],[34.813042,31.978878],[34.573296,31.850336],[34.638805,31.721796],[34.546608,31.528988],[34.307598,31.400452],[34.297241,31.271915],[33.673264,31.079113],[32.831676,31.014847],[32.765152,31.143381],[32.532154,31.079113]],[[35.594555,33.843155],[35.517715,33.843155],[35.523872,33.907463],[35.600735,33.907463],[35.594555,33.843155]],[[34.917072,32.300243],[34.840672,32.300243],[34.846256,32.364517],[34.922672,32.364517],[34.917072,32.300243]],[[23.059025,38.157841],[23.055372,38.093311],[22.977135,38.093311],[22.980764,38.157841],[23.059025,38.157841]],[[22.906122,38.222378],[22.969919,37.964268],[22.657156,37.964268],[22.58946,38.157841],[22.436417,38.222378],[22.439909,38.286919],[22.290222,38.416016],[22.603642,38.416016],[22.514702,38.222378],[22.83507,38.351463],[22.745981,38.157841],[22.906122,38.222378]],[[22.984406,38.222378],[22.906122,38.222378],[22.909754,38.286919],[22.988062,38.286919],[22.984406,38.222378]],[[22.351236,38.093311],[22.354679,38.157841],[22.43294,38.157841],[22.429474,38.093311],[22.351236,38.093311]],[[22.198156,38.157841],[22.201565,38.222378],[22.279848,38.222378],[22.276419,38.157841],[22.198156,38.157841]],[[22.358133,38.222378],[22.279848,38.222378],[22.283293,38.286919],[22.361601,38.286919],[22.358133,38.222378]],[[21.146749,39.06184],[21.061726,38.932625],[20.989555,39.06184],[21.146749,39.06184]]],[[[33.957134,35.258358],[34.529419,35.580158],[34.542076,35.7089],[34.309811,35.7089],[33.737377,35.38707],[32.886871,35.38707],[32.875248,35.258358],[32.554737,35.129658],[32.245789,35.129658],[32.229042,34.936626],[32.366657,34.743614],[33.04356,34.550625],[33.132069,34.679283],[33.523399,34.743614],[33.695393,34.936626],[34.087322,35.000969],[33.957134,35.258358]]],[[[27.692524,36.288391],[27.742563,35.902035],[28.139332,36.030804],[28.250166,36.481617],[28.017138,36.481617],[27.692524,36.288391]]],[[[27.116777,36.932613],[27.03895,36.932613],[26.865324,36.674877],[27.185417,36.803738],[27.116777,36.932613]]],[[[25.988245,37.512772],[26.304852,37.577259],[26.313875,37.706242],[26.07958,37.706242],[25.988245,37.512772]]],[[[26.093567,38.997231],[26.24589,38.932625],[26.643574,38.997231],[26.511208,39.320335],[26.043896,39.384975],[25.793419,39.191074],[26.103172,39.126453],[26.093567,38.997231]]]]}},{"type":"Feature","id":"cliopatria-12307","properties":{"recordId":"cliopatria-12307","polityId":"ottoman-empire","name":"Osmanlı İmparatorluğu","color":"#568487","start":1913,"endExclusive":1915},"geometry":{"type":"MultiPolygon","coordinates":[[[[42.013496,16.614723],[42.234539,16.614723],[42.171272,16.807587],[42.023865,16.807587],[42.013496,16.614723]]],[[[44.249931,19.571949],[44.323967,19.571949],[44.32777,19.636236],[44.253727,19.636236],[44.249931,19.571949]]],[[[44.17968,19.636236],[44.253727,19.636236],[44.257519,19.700523],[44.183464,19.700523],[44.17968,19.636236]]],[[[40.060371,25.550728],[40.056137,25.486437],[40.131012,25.486437],[40.135258,25.550728],[40.060371,25.550728]]],[[[31.534176,41.392246],[31.34606,41.132843],[30.862438,41.068012],[30.783035,41.068012],[30.479235,41.197685],[28.963121,41.132843],[28.975935,41.262531],[28.352495,41.392246],[28.21833,41.651779],[28.05282,41.586884],[28.004253,41.911442],[27.924486,41.911442],[27.930725,41.976379],[27.451948,41.976379],[27.384279,42.106277],[27.064865,42.106277],[26.57419,41.976379],[26.312233,41.716682],[26.613874,41.521996],[26.596947,41.327385],[26.34189,41.132843],[26.235449,40.808765],[26.07686,40.808765],[26.071569,40.743973],[26.140261,40.61441],[26.626444,40.743973],[26.921368,40.484875],[27.017187,40.679188],[27.527481,41.068012],[28.077255,41.003189],[28.16881,41.132843],[28.632891,41.003189],[29.115555,41.068012],[29.102762,40.938374],[29.24865,40.808765],[29.49301,40.873566],[29.394409,40.679188],[28.912746,40.61441],[28.900379,40.484875],[29.046322,40.35537],[27.938818,40.35537],[27.950455,40.484875],[27.792133,40.484875],[27.695789,40.29063],[27.537628,40.29063],[27.469822,40.42012],[26.6731,40.35537],[26.683887,40.484875],[26.604727,40.484875],[26.272333,40.29063],[26.132458,39.514275],[26.846579,39.578934],[26.742226,39.255703],[26.894468,39.191074],[26.879292,38.997231],[26.957865,38.997231],[26.84947,38.609699],[27.079775,38.545132],[27.064962,38.351463],[26.594975,38.351463],[26.535763,38.609699],[26.383688,38.674274],[26.428907,38.222378],[26.820328,38.222378],[26.888994,38.093311],[27.275282,38.028786],[27.177744,37.770741],[27.255865,37.770741],[27.163431,37.577259],[27.309988,37.448292],[27.222542,37.319347],[27.539192,37.383816],[27.597979,37.125961],[28.06535,37.125961],[28.13833,37.061508],[28.031439,36.674877],[28.186922,36.674877],[28.357105,36.868176],[28.590525,36.868176],[28.736103,36.739307],[29.124916,36.739307],[29.239721,36.223988],[29.938032,36.223988],[30.026136,36.352795],[30.491936,36.352795],[30.619068,36.932613],[31.086039,36.932613],[32.068062,36.610455],[32.498512,36.223988],[32.55835,36.030804],[32.713402,36.030804],[33.274414,36.223988],[33.979065,36.288391],[34.250721,36.674877],[34.581635,36.868176],[34.89286,36.868176],[34.95039,36.674877],[35.112656,36.739307],[35.332272,36.610455],[35.487709,36.610455],[35.833588,36.932613],[36.144901,36.932613],[36.286228,36.803738],[36.2649,36.610455],[35.841743,36.288391],[35.990074,36.223988],[35.844883,35.580158],[35.992947,35.515793],[35.882488,35.194008],[35.959747,35.194008],[35.926987,34.872288],[36.068237,34.743614],[36.048771,34.550625],[35.79213,34.293335],[35.644478,34.357655],[35.683811,33.971771],[35.44701,33.907463],[35.499348,33.650249],[35.345776,33.650249],[35.398403,33.393063],[35.215385,33.071609],[35.056328,33.007324],[35.021759,32.621628],[34.769836,32.364517],[34.813042,31.978878],[34.573296,31.850336],[34.63345,31.657526],[34.30241,31.336184],[34.297241,31.271915],[34.434006,31.079113],[34.540501,30.500702],[34.682377,30.372164],[34.667564,30.179354],[34.809429,30.05081],[34.912903,29.408054],[34.853519,28.572392],[34.605419,28.250963],[34.59267,28.058102],[35.049179,28.122389],[35.408699,27.865236],[35.466938,27.608078],[35.613239,27.543789],[35.671688,27.286627],[36.164864,26.772293],[36.429104,26.193659],[36.717297,26.000778],[36.772972,25.679314],[37.270718,25.229267],[37.330799,24.972099],[37.177612,24.907808],[37.170456,24.779226],[37.387592,24.650644],[37.444801,24.329193],[38.031754,24.136324],[38.601074,23.622013],[38.868824,23.043421],[38.858875,22.850559],[39.140198,22.529123],[39.027058,21.757685],[39.169296,21.629112],[39.147015,21.179108],[39.350567,20.793392],[39.843853,20.279102],[40.140362,20.279102],[40.561588,19.829096],[40.85104,19.700523],[40.840767,19.507662],[40.985382,19.443375],[41.042099,19.121941],[41.250076,18.864792],[41.236103,18.607641],[41.450821,18.479067],[41.784889,17.836191],[42.280228,17.450464],[42.336258,17.129026],[42.483738,17.129026],[42.476654,17.00045],[42.823986,16.614723],[42.78241,15.843266],[42.708817,15.843266],[42.745789,15.136099],[42.889572,15.071812],[43.056641,13.978919],[43.264816,13.721768],[43.235615,13.078892],[43.511906,12.693166],[43.585205,12.693166],[43.593681,12.886029],[43.825172,13.143179],[44.344456,13.271754],[44.426807,13.464618],[45.022987,13.65748],[45.182346,13.914631],[45.555817,14.043206],[45.769585,13.914631],[45.996311,14.043206],[46.159767,14.364645],[45.595791,14.81466],[45.613132,15.136099],[46.381149,15.714691],[46.473492,16.036131],[46.624527,16.100418],[46.950115,16.614723],[47.051605,17.064737],[46.977875,17.064737],[46.780666,17.450464],[46.419754,17.579041],[46.14447,17.900478],[45.996807,17.900478],[45.577457,18.286205],[45.429703,18.286205],[44.37891,19.250515],[44.464394,19.443375],[44.312542,19.379087],[44.249931,19.571949],[44.105633,19.636236],[44.187244,19.764809],[43.972561,19.893383],[43.980045,20.021955],[43.828133,19.957668],[43.691071,20.150528],[43.694767,20.214815],[43.271877,20.600533],[43.141613,20.921965],[42.784878,21.179108],[42.449261,21.82197],[42.166214,22.079117],[42.173389,22.207689],[41.819382,22.529123],[41.550594,23.043421],[41.405258,23.107708],[41.412605,23.236284],[41.267239,23.300571],[41.140457,23.6863],[40.995037,23.750589],[40.459724,24.779226],[40.384972,24.779226],[39.923386,25.743607],[39.77784,25.807899],[39.583523,26.257952],[39.437927,26.322245],[39.376301,26.515121],[39.455891,26.579414],[39.305748,26.579414],[39.041973,27.093752],[38.896282,27.158045],[38.905655,27.286627],[38.759933,27.350918],[38.703686,27.608078],[38.421749,27.865236],[38.361,28.058102],[38.446232,28.186676],[38.220051,28.186676],[38.229935,28.31525],[38.013565,28.443821],[37.968288,28.829527],[37.81216,28.765244],[37.822308,28.89381],[37.676289,28.958094],[37.219517,29.85799],[37.306007,29.986536],[37.159767,30.05081],[37.30764,30.886311],[37.39513,31.014847],[37.547245,31.014847],[37.482773,31.143381],[37.834927,31.657526],[38.069729,31.721796],[38.011948,31.914606],[38.265965,32.171696],[38.285049,32.364517],[38.643135,32.878754],[38.893002,33.071609],[38.913372,33.264477],[39.247822,33.521652],[39.401318,33.521652],[39.415401,33.650249],[39.645756,33.650249],[39.904991,33.907463],[40.619148,34.100391],[40.926826,34.100391],[41.365364,33.907463],[41.711342,33.585949],[41.864876,33.585949],[42.064545,33.32877],[42.36364,33.264477],[42.708534,32.943039],[43.152584,32.814472],[44.459015,31.593258],[44.444023,31.46472],[44.657562,31.336184],[44.635296,31.143381],[44.794903,31.207649],[45.138184,30.886311],[45.123486,30.757776],[45.680012,30.307894],[46.58316,30.243624],[46.568428,30.115082],[46.955021,30.179354],[47.250927,30.115082],[47.16024,29.986536],[47.751686,29.85799],[47.744251,29.793715],[48.017612,29.536612],[48.093307,29.536612],[48.40353,29.600887],[48.365444,29.922264],[48.592804,29.922264],[48.600475,29.986536],[48.38842,30.115082],[48.41169,30.307894],[48.275547,30.436434],[48.04781,30.436434],[48.103146,30.886311],[47.738956,31.014847],[47.7957,31.46472],[47.981289,31.721796],[47.582439,32.171696],[47.599449,32.300243],[47.31937,32.493073],[46.94558,32.55735],[46.682133,32.878754],[46.231224,32.943039],[46.137794,33.393063],[45.592758,33.907463],[45.439034,33.907463],[45.645313,34.293335],[45.500168,34.357655],[45.535648,34.614952],[45.6898,34.614952],[45.812077,34.936626],[46.148438,35.129658],[46.059086,35.580158],[46.251804,35.83765],[45.787022,35.83765],[45.350243,36.030804],[45.378494,36.223988],[45.096386,36.417206],[45.056725,36.674877],[44.852112,36.868176],[44.773808,37.383816],[44.627602,37.448292],[44.588886,37.706242],[44.306038,37.899754],[44.454521,38.351463],[44.308002,38.416016],[44.311916,38.932625],[44.165226,38.997231],[44.128571,39.255703],[44.0499,39.255703],[44.071045,39.384975],[44.396664,39.449623],[44.507935,39.6436],[43.719715,39.6436],[43.336147,39.708271],[43.357357,39.837635],[43.210175,39.902328],[42.657703,39.902328],[42.452248,40.096447],[42.473331,40.225895],[42.188721,40.42012],[42.152172,40.679188],[41.708576,40.873566],[41.751553,41.132843],[41.534794,41.262531],[41.56736,41.457119],[41.487789,41.457119],[41.307072,41.327385],[41.15876,41.392246],[41.047256,41.197685],[40.539349,41.003189],[40.390892,41.068012],[40.370331,40.938374],[39.735538,40.938374],[39.050892,41.132843],[38.783352,40.938374],[38.297737,40.873566],[38.158054,41.003189],[37.831161,40.938374],[37.770565,41.068012],[37.214741,41.068012],[37.233234,41.197685],[37.065109,41.132843],[36.774765,41.327385],[36.209202,41.262531],[35.9538,41.716682],[35.307549,41.651779],[35.086025,41.781593],[35.121212,42.041325],[34.881737,42.041325],[34.7845,41.911442],[32.630775,41.911442],[32.694706,41.781593],[32.193371,41.586884],[32.041729,41.651779],[32.026531,41.521996],[31.534176,41.392246]]]]}},{"type":"Feature","id":"cliopatria-634","properties":{"recordId":"cliopatria-634","polityId":"maurya-empire","name":"Maurya İmparatorluğu","color":"#97833e","start":-255,"endExclusive":-246},"geometry":{"type":"MultiPolygon","coordinates":[[[[76.285339,10.828828],[76.655609,10.893116],[76.66008,10.957403],[77.020176,11.169427],[77.625046,11.150266],[77.903992,10.957403],[78.964062,10.839022],[79.835644,11.352522],[79.884422,11.986003],[80.213737,12.436016],[80.41468,13.078892],[80.375359,13.464618],[80.161026,13.528905],[80.24601,13.65748],[80.263718,14.621797],[80.088234,15.071812],[80.375984,15.714691],[80.61058,15.843266],[81.118759,15.778978],[81.322739,16.293283],[82.066475,16.357571],[82.383202,16.550434],[82.420525,16.871874],[82.346817,16.871874],[82.450783,17.129026],[83.153046,17.450464],[83.561157,17.771904],[83.666664,18.029055],[84.051903,18.157629],[84.379623,18.41478],[84.748665,18.993366],[85.414894,19.571949],[85.373993,19.829096],[85.522133,19.829096],[85.497231,19.636236],[85.645325,19.636236],[86.419373,19.893383],[86.436165,20.021955],[86.840363,20.279102],[86.791527,20.47196],[87.030899,20.600533],[86.958939,21.179108],[86.884697,21.179108],[87.067459,21.436253],[87.762039,21.629112],[88.10331,21.950544],[88.17765,21.950544],[88.133545,21.629112],[88.347664,21.564825],[88.365257,21.693398],[88.51387,21.693398],[88.641617,22.079117],[88.715973,22.079117],[88.727951,21.629112],[89.099457,21.629112],[89.117256,21.757685],[89.7118,21.757685],[89.869453,21.82197],[89.896637,22.01483],[90.232025,21.757685],[90.42627,22.079117],[90.649353,22.079117],[90.630981,21.950544],[90.863213,22.01483],[90.937752,22.529123],[91.496964,22.786272],[91.365372,22.400549],[91.737389,22.400549],[91.764763,22.079117],[91.894821,21.950544],[91.830238,21.50054],[92.053093,21.50054],[92.007408,21.179108],[92.11953,20.921965],[92.333069,20.857677],[92.331841,21.371967],[92.759018,21.243395],[92.777443,21.371967],[92.656624,21.564825],[92.731445,22.079117],[92.601646,22.207689],[92.639832,22.464836],[92.474678,22.850559],[92.504211,23.043421],[92.429718,23.043421],[92.371315,23.622013],[92.232437,23.6863],[92.338165,23.879168],[92.26355,23.879168],[92.26329,24.329193],[92.113922,24.329193],[92.351746,24.843517],[92.524063,24.972099],[92.385963,25.03639],[92.483925,25.164974],[92.33429,25.164974],[92.231613,25.422144],[92.030846,25.550728],[92.067078,25.743607],[91.941689,25.872192],[92.066376,26.129364],[91.928986,26.193659],[91.908287,26.836584],[90.631241,26.836584],[90.595566,27.029461],[90.171097,27.158045],[90.273056,27.286627],[90.047424,27.286627],[90.074387,27.415209],[89.759987,27.350918],[89.485992,27.479498],[89.376251,27.672369],[88.986237,27.608078],[88.951874,27.800947],[88.712273,27.736658],[88.589012,27.865236],[88.363037,27.865236],[88.390564,27.993813],[87.383797,27.865236],[86.698288,28.186676],[85.896202,28.31525],[85.848259,28.443821],[85.210541,28.636677],[84.757599,28.636677],[84.483215,28.765244],[84.250916,29.086657],[84.010101,29.022375],[83.749916,29.215218],[83.523056,29.215218],[83.489952,29.408054],[83.248764,29.343777],[83.050171,29.472334],[82.458878,29.536612],[82.335922,29.665165],[81.69709,29.85799],[81.390244,30.179354],[81.148216,30.115082],[80.917564,30.436434],[80.339508,30.564972],[80.048439,30.950579],[79.531013,31.014847],[79.179619,31.46472],[78.844788,31.336184],[78.829063,31.593258],[78.661491,31.528988],[76.463387,32.23597],[76.081131,32.55735],[76.097488,32.943039],[75.944328,32.943039],[75.975601,33.071609],[75.838043,33.135899],[75.824539,33.393063],[75.686981,33.457355],[75.674133,33.71455],[75.597328,33.71455],[75.645699,33.907463],[75.480034,34.164703],[75.468697,34.421978],[75.391685,34.421978],[75.518394,34.614952],[75.364243,34.614952],[75.387444,35.000969],[75.180099,35.38707],[75.17128,35.644527],[75.09388,35.644527],[74.957993,36.288391],[74.880379,36.288391],[74.891388,36.610455],[74.813667,36.610455],[74.843872,36.997059],[75.013367,37.319347],[74.738411,37.448292],[74.19236,37.448292],[73.765968,37.319347],[73.742561,37.512772],[72.848297,37.383816],[72.416054,37.512772],[71.82502,37.061508],[71.661186,36.739307],[71.138466,36.223988],[71.121956,36.159592],[70.556831,35.451431],[70.386353,35.38707],[70.432167,35.258358],[70.15358,35.065311],[69.99939,34.743614],[69.860428,34.807949],[69.707451,34.486301],[69.538376,34.421978],[68.977768,33.650249],[68.824196,33.650249],[68.390526,33.071609],[67.939148,32.750191],[67.898705,32.55735],[67.629417,32.364517],[67.500534,32.107422],[67.347839,32.107422],[67.398254,31.978878],[66.750755,31.400452],[66.349075,30.886311],[66.25502,30.372164],[66.046158,30.05081],[65.52491,29.665165],[65.373459,29.665165],[65.427483,29.536612],[65.189667,29.472334],[65.168335,29.343777],[64.737961,29.022375],[64.52597,28.636677],[64.365044,28.572392],[63.591946,27.415209],[63.362534,26.836584],[63.220863,26.900877],[63.120193,26.708],[63.178463,26.579414],[62.895996,26.129364],[62.563419,25.229267],[63.536217,25.229267],[63.626205,25.357851],[64.225021,25.357851],[64.284523,25.229267],[64.800644,25.164974],[64.816063,25.293558],[66.021477,25.357851],[66.270264,25.550728],[66.486763,25.486437],[66.679092,25.229267],[66.63205,24.843517],[67.214699,24.714935],[67.251434,24.393482],[67.326126,24.393482],[67.289078,24.072035],[67.43837,24.072035],[67.49115,23.879168],[67.633148,23.814878],[68.155388,23.814878],[68.126526,23.557724],[68.350227,23.557724],[68.335938,23.429148],[68.55246,23.364861],[68.808258,22.979134],[69.450607,22.721985],[70.365288,22.914846],[70.262505,22.657698],[69.869469,22.464836],[69.497406,22.464836],[69.409317,22.336264],[69.260521,22.336264],[69.199753,22.464836],[68.976509,22.464836],[68.949455,22.207689],[69.348724,21.757685],[69.49736,21.757685],[69.903152,21.371967],[69.889877,21.243395],[70.295464,20.857677],[70.720642,20.66482],[71.320786,20.729105],[71.40847,20.857677],[72.184761,21.179108],[72.321434,21.757685],[72.172798,21.757685],[72.112457,21.886257],[72.342499,21.950544],[72.377975,22.271976],[72.526749,22.271976],[72.544388,21.757685],[72.7603,21.693398],[72.562897,21.243395],[72.899406,20.921965],[72.837257,20.343388],[72.633942,19.829096],[72.761353,19.636236],[72.733719,19.379087],[72.874825,19.314802],[72.95887,18.029055],[73.253372,17.32189],[73.254189,16.614723],[73.327873,16.614723],[73.417145,16.036131],[73.539116,15.778978],[73.747368,15.650403],[73.974541,14.943235],[74.374489,14.49322],[74.47068,13.914631],[74.663643,13.593193],[74.747696,12.821741],[75.064651,12.178865],[75.338478,11.921716],[75.584915,11.278841],[75.726768,11.214553],[75.902092,10.571678],[76.285339,10.828828]]],[[[90.657494,26.96517],[90.732643,26.96517],[90.74588,27.029461],[90.670723,27.029461],[90.657494,26.96517]]],[[[90.595566,27.029461],[90.670723,27.029461],[90.684021,27.093752],[90.608849,27.093752],[90.595566,27.029461]]]]}},{"type":"Feature","id":"cliopatria-698","properties":{"recordId":"cliopatria-698","polityId":"maurya-empire","name":"Maurya İmparatorluğu","color":"#97833e","start":-224,"endExclusive":-187},"geometry":{"type":"Polygon","coordinates":[[[81.086845,30.179354],[80.917564,30.436434],[80.339508,30.564972],[80.048439,30.950579],[79.531013,31.014847],[79.484825,31.143381],[79.332642,31.143381],[79.302841,31.014847],[77.935768,29.986536],[77.854774,29.600887],[77.930489,29.600887],[77.877594,29.343777],[77.953247,29.343777],[77.938362,28.89381],[78.013908,28.89381],[77.991837,27.993813],[78.841362,27.286627],[78.807098,27.093752],[78.987579,26.836584],[77.927559,25.872192],[77.426315,25.03639],[77.199699,23.943457],[77.077774,21.757685],[77.218857,21.693398],[77.314919,21.243395],[78.390869,20.921965],[78.419922,20.536247],[78.619797,20.343388],[78.597214,20.150528],[78.737892,20.086243],[78.71524,19.893383],[78.840683,19.700523],[79.070442,19.764809],[79.100815,20.021955],[79.782982,20.150528],[80.156433,20.793392],[80.453201,20.793392],[80.843857,20.343388],[81.776093,20.086243],[82.165169,19.636236],[82.313263,19.636236],[82.371391,19.507662],[82.857552,19.250515],[85.349907,20.793392],[86.140884,20.600533],[86.156502,20.150528],[86.436165,20.021955],[86.510262,20.021955],[86.840363,20.279102],[86.791527,20.47196],[87.030899,20.600533],[86.958939,21.179108],[86.884697,21.179108],[87.067459,21.436253],[87.762039,21.629112],[88.10331,21.950544],[88.17765,21.950544],[88.133545,21.629112],[88.347664,21.564825],[88.365257,21.693398],[88.51387,21.693398],[88.641617,22.079117],[88.715973,22.079117],[88.727951,21.629112],[89.869453,21.82197],[89.951691,22.400549],[89.728897,22.914846],[89.589432,22.979134],[89.960632,23.943457],[89.821587,24.007746],[89.92717,24.200613],[89.94828,24.779226],[89.790421,25.164974],[89.945747,25.615021],[89.870857,25.615021],[89.879524,26.065071],[89.741745,26.129364],[89.942245,26.772293],[89.066551,26.900877],[88.817802,27.158045],[88.844093,27.286627],[88.291519,27.158045],[88.092003,27.286627],[88.118301,27.415209],[87.954674,27.350918],[87.54277,27.543789],[87.569374,27.672369],[87.405495,27.608078],[87.35688,27.736658],[87.206284,27.736658],[87.157814,27.865236],[87.246674,27.929525],[87.109558,27.993813],[86.781189,27.865236],[86.568619,27.929525],[86.227386,27.736658],[85.850883,27.736658],[85.212502,27.929525],[84.813438,28.186676],[84.791977,28.443821],[84.71653,28.443821],[84.833084,28.636677],[84.483215,28.765244],[84.250916,29.086657],[84.010101,29.022375],[83.749916,29.215218],[83.523056,29.215218],[83.489952,29.408054],[83.248764,29.343777],[83.050171,29.472334],[82.458878,29.536612],[82.335922,29.665165],[81.69709,29.85799],[81.390244,30.179354],[81.086845,30.179354]]]}},{"type":"Feature","id":"cliopatria-1541","properties":{"recordId":"cliopatria-1541","polityId":"gupta-empire","name":"Gupta İmparatorluğu","color":"#9f7550","start":387,"endExclusive":410},"geometry":{"type":"MultiPolygon","coordinates":[[[[91.26284,22.207689],[91.281563,22.336264],[91.058372,22.336264],[91.030418,22.143402],[91.26284,22.207689]]],[[[81.188499,22.529123],[80.990562,22.143402],[80.414162,21.693398],[80.339851,21.693398],[80.249556,21.629112],[80.272139,21.243395],[80.656189,21.243395],[80.706955,21.050535],[81.038925,20.729105],[80.563637,19.250515],[80.517194,19.250515],[80.497199,18.781407],[81.094382,18.068478],[81.159077,17.741729],[80.571847,17.390639],[80.251754,17.243491],[79.944809,16.486147],[79.527321,16.036131],[79.296196,14.49322],[79.369652,14.49322],[79.329266,14.053844],[79.52168,13.510863],[79.444962,12.886029],[79.778,12.78],[80.140614,12.436016],[80.303017,12.628879],[80.431572,13.271754],[80.307762,13.528905],[80.161026,13.528905],[80.24601,13.65748],[80.263718,14.621797],[80.088234,15.071812],[80.375984,15.714691],[80.61058,15.843266],[81.118759,15.778978],[81.322739,16.293283],[82.066475,16.357571],[82.383202,16.550434],[82.420525,16.871874],[82.346817,16.871874],[82.450783,17.129026],[83.153046,17.450464],[83.561157,17.771904],[83.666664,18.029055],[84.051903,18.157629],[84.379623,18.41478],[84.748665,18.993366],[85.414894,19.571949],[85.373993,19.829096],[85.522133,19.829096],[85.497231,19.636236],[85.645325,19.636236],[86.419373,19.893383],[86.436165,20.021955],[86.840363,20.279102],[86.791527,20.47196],[87.030899,20.600533],[86.958939,21.179108],[86.884697,21.179108],[87.067459,21.436253],[87.762039,21.629112],[88.10331,21.950544],[88.17765,21.950544],[88.133545,21.629112],[88.347664,21.564825],[88.365257,21.693398],[88.51387,21.693398],[88.641617,22.079117],[88.715973,22.079117],[88.727951,21.629112],[89.099457,21.629112],[89.117256,21.757685],[89.7118,21.757685],[89.869453,21.82197],[89.896637,22.01483],[90.232025,21.757685],[90.42627,22.079117],[90.649353,22.079117],[90.630981,21.950544],[90.863213,22.01483],[90.937752,22.529123],[91.496964,22.786272],[91.365372,22.400549],[91.737389,22.400549],[91.764763,22.079117],[91.894821,21.950544],[91.830238,21.50054],[92.053093,21.50054],[92.007408,21.179108],[92.11953,20.921965],[92.333069,20.857677],[92.331841,21.371967],[92.759018,21.243395],[92.730911,21.564825],[92.656624,21.564825],[92.731445,22.079117],[92.592171,22.143402],[92.630241,22.400549],[92.464912,22.786272],[92.494331,22.979134],[92.419846,22.979134],[92.361076,23.557724],[92.22216,23.622013],[92.252502,24.264904],[92.039238,24.329193],[91.783173,24.136324],[91.345795,24.200613],[91.303108,24.393482],[91.399429,24.522062],[91.324715,24.522062],[91.305016,24.843517],[91.028313,24.972099],[91.062355,25.164974],[92.483008,25.159897],[90.296201,25.281321],[89.913768,25.636201],[90.154735,26.129364],[89.516777,26.129364],[89.265862,26.386538],[89.040756,26.386538],[88.990532,26.515121],[88.552612,26.579414],[87.990265,26.386538],[87.239906,26.386538],[87.114052,26.515121],[86.651627,26.45083],[86.312599,26.643707],[85.787018,26.643707],[85.736191,26.772293],[85.447937,26.836584],[85.547592,27.350918],[85.334633,27.415209],[85.248489,27.736658],[84.85907,27.672369],[84.747375,27.865236],[84.282478,27.800947],[83.479691,27.929525],[83.06636,28.122389],[83.017059,28.250963],[81.948471,28.186676],[81.784897,28.122389],[81.759491,27.993813],[81.608788,27.993813],[81.194534,28.186676],[80.957001,28.508106],[80.165588,28.70096],[79.8666,29.086657],[79.960945,29.536612],[79.885246,29.536612],[79.954353,29.85799],[79.84491,30.05081],[79.869293,30.500702],[79.623894,30.757776],[79.607071,31.014847],[79.179619,31.46472],[78.813873,31.528988],[78.844307,31.657526],[78.448021,31.593258],[76.463387,32.23597],[76.081131,32.55735],[76.127373,32.750191],[75.882385,32.685909],[75.469398,32.878754],[75.423752,33.007324],[75.270554,33.007324],[75.24054,33.200188],[75.102821,33.264477],[75.134148,33.393063],[74.996422,33.457355],[75.027969,33.585949],[74.601578,34.036079],[74.633705,34.164703],[74.451263,34.357655],[74.297264,34.357655],[74.191818,34.550625],[74.037704,34.550625],[73.993126,34.679283],[73.700966,34.743614],[73.717239,34.807949],[73.3442,34.550625],[73.37117,34.036079],[73.170563,33.843155],[72.770935,33.778851],[72.724953,33.907463],[72.417503,33.907463],[72.463867,34.100391],[72.14077,34.036079],[71.499214,33.264477],[70.952248,32.878754],[70.700081,32.428795],[69.867287,32.107422],[69.674202,31.914606],[69.292725,31.914606],[69.024292,31.721796],[68.998161,31.593258],[68.286972,31.079113],[67.960693,30.564972],[67.521675,30.243624],[67.213463,29.793715],[66.931259,28.572392],[67.006737,28.572392],[66.965454,28.31525],[67.040878,28.31525],[67.045715,27.865236],[67.12104,27.865236],[67.062332,27.479498],[67.174545,27.222336],[67.196609,26.322245],[67.502106,25.807899],[67.210991,25.293558],[67.585197,25.293558],[67.693085,25.550728],[68.811134,26.065071],[69.560898,26.065071],[69.899879,25.807899],[70.631302,25.679314],[70.786224,25.164974],[71.010681,25.164974],[71.342346,24.843517],[71.799393,24.907808],[72.282616,25.164974],[72.806351,25.164974],[73.277664,24.779226],[73.941811,24.714935],[74.640923,24.907808],[74.733574,25.03639],[75.257164,25.03639],[75.66806,25.293558],[76.51992,25.486437],[78.167152,25.486437],[78.314415,24.972099],[78.57605,24.714935],[79.379585,24.586353],[80.584961,24.136324],[81.307472,23.429148],[81.188499,22.529123]]],[[[73.717239,34.807949],[73.794373,34.807949],[73.810707,34.872288],[73.733551,34.872288],[73.717239,34.807949]]]]}},{"type":"Feature","id":"cliopatria-1899","properties":{"recordId":"cliopatria-1899","polityId":"gupta-empire","name":"Gupta İmparatorluğu","color":"#9f7550","start":490,"endExclusive":534},"geometry":{"type":"Polygon","coordinates":[[[75.212129,24.502598],[75.804335,24.62028],[76.501049,24.584082],[76.70011,24.198833],[77.939265,23.853387],[78.795227,23.351765],[79.53673,23.411148],[80.173725,22.985753],[80.880392,22.209297],[81.432786,22.430273],[82.109594,23.223775],[82.443021,23.223775],[82.94565,23.026979],[83.756824,22.306017],[83.766777,21.951051],[83.104899,20.801801],[81.516284,20.386082],[81.916405,20.021955],[82.06459,20.021955],[83.113411,18.929079],[84.469742,18.543354],[84.921249,19.186228],[85.414894,19.571949],[85.373993,19.829096],[85.522133,19.829096],[85.497231,19.636236],[86.106331,19.764809],[86.419373,19.893383],[86.436165,20.021955],[86.840363,20.279102],[86.791527,20.47196],[87.030899,20.600533],[87.047844,20.729105],[86.973663,20.729105],[86.893234,21.243395],[87.067459,21.436253],[87.762039,21.629112],[88.10331,21.950544],[88.17765,21.950544],[88.133545,21.629112],[88.347664,21.564825],[88.365257,21.693398],[88.51387,21.693398],[88.641617,22.079117],[88.715973,22.079117],[88.727951,21.629112],[89.099457,21.629112],[89.117256,21.757685],[89.479897,21.693398],[89.563164,21.757685],[89.561295,22.271976],[89.672585,22.529123],[89.83075,22.59341],[89.832039,23.107708],[90.34272,24.457773],[90.203987,24.522062],[90.172546,24.779226],[90.033981,24.843517],[89.876541,25.229267],[89.879524,26.065071],[89.516777,26.129364],[89.265862,26.386538],[89.040756,26.386538],[88.990532,26.515121],[88.552612,26.579414],[87.990265,26.386538],[87.239906,26.386538],[87.114052,26.515121],[86.651627,26.45083],[86.312599,26.643707],[85.787018,26.643707],[85.736191,26.772293],[85.27346,26.708],[84.997215,26.836584],[84.883575,27.029461],[84.733261,27.029461],[84.757919,27.158045],[84.431824,27.415209],[83.290955,27.350918],[82.537704,27.736658],[81.884979,27.865236],[81.194534,28.186676],[80.957001,28.508106],[80.103081,28.765244],[80.35321,29.600887],[81.04007,30.307894],[80.780426,30.500702],[80.339508,30.564972],[79.911301,31.014847],[79.531013,31.014847],[79.179619,31.46472],[78.813873,31.528988],[78.844307,31.657526],[78.448021,31.593258],[77.807327,31.786066],[77.731064,31.786066],[76.300697,30.500702],[76.241577,29.85799],[76.12645,29.665165],[76.251884,29.536612],[76.250809,29.150936],[76.376823,29.022375],[76.339455,28.829527],[76.414986,28.829527],[76.647232,28.058102],[76.8498,27.929525],[76.8265,27.800947],[77.017784,27.608078],[77.045296,26.900877],[76.852066,26.643707],[76.701904,26.643707],[75.285202,25.743607],[75.266022,25.615021],[74.760788,25.229267],[74.772789,24.779226],[74.605827,24.650644],[75.212129,24.502598]]]}},{"type":"Feature","id":"cliopatria-3007","properties":{"recordId":"cliopatria-3007","polityId":"abbasid-caliphate","name":"Abbâsî Halifeliği","color":"#627b55","start":800,"endExclusive":814},"geometry":{"type":"MultiPolygon","coordinates":[[[[42.013496,16.614723],[42.234539,16.614723],[42.171272,16.807587],[42.023865,16.807587],[42.013496,16.614723]]],[[[59.000828,20.66482],[58.772953,20.600533],[58.666771,20.214815],[58.81501,20.214815],[58.979355,20.407675],[59.000828,20.66482]]],[[[50.648724,25.872192],[50.685242,26.257952],[50.460209,26.257952],[50.429863,25.936485],[50.648724,25.872192]]],[[[62.150997,41.651779],[62.187664,41.781593],[60.823395,42.886398],[60.842033,42.951466],[60.391895,43.342072],[60.367706,43.537502],[59.123524,43.407204],[58.63295,43.667835],[58.417542,43.472347],[58.337067,43.472347],[58.051487,43.016544],[57.956982,42.366177],[57.564445,41.781593],[57.464874,41.392246],[56.827438,40.743973],[54.385082,40.808765],[54.37014,40.743973],[53.404358,40.679188],[53.448212,40.873566],[53.339661,40.743973],[52.943321,40.743973],[52.972282,40.873566],[52.89296,40.873566],[52.699429,40.35537],[52.778534,40.35537],[52.787666,40.031734],[53.498451,40.031734],[53.54493,39.514275],[53.137505,39.449623],[53.51759,39.384975],[53.986782,38.997231],[53.829762,37.835243],[53.907906,37.835243],[53.910469,37.448292],[54.094666,37.190418],[54.033295,36.868176],[53.087723,36.803738],[52.185852,36.546032],[51.264725,36.610455],[50.531998,36.868176],[50.632294,36.997059],[50.56572,37.061508],[50.320892,36.997059],[49.998783,37.383816],[49.085102,37.512772],[48.884293,37.706242],[48.841076,38.351463],[48.762745,38.351463],[48.801003,38.997231],[48.915466,39.191074],[49.151405,39.191074],[49.266644,39.384975],[49.509197,40.225895],[49.693348,40.35537],[50.260376,40.42012],[50.049515,40.549641],[49.508362,40.61441],[49.244152,40.873566],[49.270748,41.003189],[49.059227,41.132843],[49.08601,41.262531],[48.278744,41.976379],[48.198948,41.976379],[48.092258,41.846512],[48.171997,41.846512],[48.18491,41.521996],[47.893711,41.262531],[47.562878,41.197685],[47.270638,41.327385],[46.736694,41.846512],[46.3508,41.911442],[46.296684,42.041325],[45.750591,42.106277],[45.667339,42.496178],[45.225327,42.691246],[44.744633,42.691246],[44.35651,42.756287],[43.851112,42.626213],[43.659676,42.886398],[43.419064,42.886398],[42.986057,43.146725],[42.504116,43.146725],[42.605156,42.821339],[42.753609,42.756287],[42.718098,42.561192],[42.93457,42.431171],[42.613052,41.521996],[41.726498,41.457119],[41.084473,40.938374],[40.57756,40.743973],[39.589115,39.96703],[38.841835,39.708271],[38.298851,39.772949],[38.159004,39.902328],[38.150036,39.837635],[37.677528,39.255703],[37.433086,39.191074],[37.312904,38.868031],[37.069195,38.80344],[37.131454,38.674274],[36.793804,38.480572],[36.605843,38.222378],[36.456985,38.286919],[36.154266,37.706242],[35.820015,37.512772],[35.351837,37.512772],[35.032707,37.448292],[34.778004,37.254879],[34.659443,36.868176],[34.89286,36.868176],[34.95039,36.674877],[35.112656,36.739307],[35.332272,36.610455],[35.487709,36.610455],[35.833588,36.932613],[36.144901,36.932613],[36.286228,36.803738],[36.2649,36.610455],[35.841743,36.288391],[35.990074,36.223988],[35.844883,35.580158],[35.992947,35.515793],[35.882488,35.194008],[35.959747,35.194008],[35.926987,34.872288],[36.068237,34.743614],[36.048771,34.550625],[35.79213,34.293335],[35.644478,34.357655],[35.683811,33.971771],[35.44701,33.907463],[35.499348,33.650249],[35.345776,33.650249],[35.398403,33.393063],[35.215385,33.071609],[35.056328,33.007324],[35.021759,32.621628],[34.769836,32.364517],[34.813042,31.978878],[34.573296,31.850336],[34.63345,31.657526],[34.307598,31.400452],[34.297241,31.271915],[33.74934,31.079113],[32.831676,31.014847],[32.765152,31.143381],[32.532154,31.079113],[32.389412,31.207649],[32.237198,31.207649],[32.303932,31.079113],[31.999636,31.079113],[31.937399,31.271915],[31.780554,31.207649],[31.875221,31.46472],[31.265825,31.46472],[31.11799,31.528988],[31.203297,31.657526],[30.974621,31.657526],[30.965609,31.528988],[30.808777,31.46472],[30.35173,31.46472],[30.271244,31.400452],[30.338793,31.271915],[29.88205,31.271915],[29.801764,31.207649],[29.86956,31.079113],[29.633194,30.950579],[29.485144,31.014847],[29.397089,30.822044],[28.865032,30.822044],[28.496395,31.014847],[27.514896,31.143381],[27.297457,31.336184],[26.847702,31.46472],[25.248035,31.46472],[25.102049,31.593258],[25.111681,31.786066],[24.892485,31.978878],[24.129366,31.978878],[23.68034,32.171696],[23.298517,32.171696],[23.07794,32.364517],[23.089432,32.621628],[21.878729,32.943039],[21.411674,32.750191],[21.108017,32.814472],[20.871243,32.621628],[20.644094,32.685909],[20.715935,32.55735],[20.562992,32.55735],[20.481993,32.428795],[20.331347,32.493073],[20.246113,32.23597],[20.016966,32.23597],[20.089075,32.107422],[19.996077,31.593258],[20.214296,31.271915],[20.134102,31.143381],[20.202085,30.886311],[19.968164,30.693508],[19.964312,30.564972],[19.65501,30.372164],[19.272047,30.243624],[18.894386,30.307894],[18.80558,29.793715],[18.729824,29.793715],[18.723612,29.536612],[18.870337,29.343777],[18.714529,29.150936],[19.774715,29.215218],[21.23184,29.85799],[22.45121,30.05081],[23.737484,29.986536],[24.779219,29.536612],[24.846712,29.343777],[25.000763,29.408054],[25.146545,29.279497],[25.373453,29.279497],[25.586285,28.958094],[27.140072,28.250963],[27.285021,28.122389],[27.276333,27.929525],[27.42992,27.993813],[27.791962,27.672369],[27.710918,27.543789],[27.936699,27.543789],[28.153727,27.350918],[28.270245,26.579414],[28.345316,26.579414],[28.243679,25.936485],[28.288647,25.164974],[28.568815,24.650644],[29.672802,24.200613],[29.95948,23.879168],[30.108711,23.879168],[30.103964,23.750589],[30.395195,23.557724],[30.462675,23.364861],[30.537214,23.364861],[31.670488,23.750589],[32.040863,23.6863],[33.388996,23.814878],[33.756363,23.6863],[35.10796,23.879168],[35.55257,23.814878],[35.558754,23.943457],[35.854118,23.879168],[35.860409,24.007746],[35.145531,24.650644],[34.607639,25.807899],[34.461281,25.872192],[34.197208,26.515121],[34.050747,26.579414],[34.073112,26.96517],[33.926594,27.029461],[33.799194,27.415209],[33.585106,27.608078],[33.608871,27.993813],[33.10532,28.379536],[32.836128,28.89381],[32.689163,28.958094],[32.638695,29.343777],[32.428688,29.600887],[32.526096,29.922264],[32.857113,29.215218],[33.213871,28.89381],[33.188915,28.508106],[33.402969,28.31525],[33.55381,28.31525],[33.616955,28.122389],[34.120045,27.736658],[34.345943,27.736658],[34.358257,27.929525],[34.517303,28.058102],[34.752258,29.279497],[34.912903,29.408054],[34.853519,28.572392],[34.605419,28.250963],[34.59267,28.058102],[35.049179,28.122389],[35.408699,27.865236],[35.466938,27.608078],[35.613239,27.543789],[35.671688,27.286627],[36.164864,26.772293],[36.429104,26.193659],[36.717297,26.000778],[36.772972,25.679314],[37.270718,25.229267],[37.330799,24.972099],[37.177612,24.907808],[37.170456,24.779226],[37.387592,24.650644],[37.444801,24.329193],[38.031754,24.136324],[38.601074,23.622013],[38.868824,23.043421],[38.858875,22.850559],[39.140198,22.529123],[39.027058,21.757685],[39.169296,21.629112],[39.147015,21.179108],[39.350567,20.793392],[39.843853,20.279102],[40.140362,20.279102],[40.561588,19.829096],[40.85104,19.700523],[40.840767,19.507662],[40.985382,19.443375],[41.042099,19.121941],[41.250076,18.864792],[41.236103,18.607641],[41.450821,18.479067],[41.784889,17.836191],[42.280228,17.450464],[42.336258,17.129026],[42.483738,17.129026],[42.476654,17.00045],[42.823986,16.614723],[42.78241,15.843266],[42.708817,15.843266],[42.745789,15.136099],[42.889572,15.071812],[42.953377,14.878947],[43.056641,13.978919],[43.264816,13.721768],[43.235615,13.078892],[43.447048,12.886029],[43.438602,12.693166],[44.388645,12.628879],[44.614288,12.757454],[45.054119,12.757454],[45.74115,13.336042],[47.067924,13.464618],[47.668034,13.721768],[47.751499,13.914631],[48.786121,14.043206],[49.409767,14.686084],[50.225628,14.81466],[50.755692,15.071812],[51.2743,15.136099],[51.883026,15.457539],[52.103691,15.457539],[52.259216,15.586115],[52.380314,16.293283],[53.134773,16.550434],[53.217548,16.67901],[53.585987,16.67901],[54.198933,17.00045],[55.157356,17.00045],[55.314487,17.129026],[55.34869,17.579041],[55.589905,17.836191],[56.407024,17.900478],[56.643818,18.093342],[56.753628,18.543354],[56.996094,18.800505],[57.899254,18.993366],[57.867584,19.507662],[57.793552,19.507662],[57.93084,20.279102],[58.100174,20.536247],[58.248493,20.536247],[58.30677,20.343388],[58.608639,20.407675],[58.799706,20.921965],[59.436954,21.436253],[59.864044,22.079117],[59.903873,22.529123],[59.543213,22.657698],[59.268444,22.914846],[59.280067,23.043421],[59.068249,23.171995],[59.080002,23.300571],[58.811527,23.622013],[57.492657,23.879168],[56.788113,24.329193],[56.544872,24.907808],[56.401642,24.972099],[56.495663,25.164974],[56.420845,25.164974],[56.460274,25.550728],[56.385391,25.550728],[56.543278,26.322245],[56.47541,26.386538],[56.168159,26.322245],[55.969593,25.872192],[55.41188,25.550728],[55.142654,25.100683],[54.744167,24.843517],[54.559143,24.457773],[54.31781,24.264904],[54.099464,24.329193],[54.082523,24.136324],[53.112011,24.136324],[52.600296,24.264904],[52.280132,24.007746],[51.906956,24.007746],[51.85355,24.264904],[51.41082,24.329193],[51.523632,24.779226],[51.690022,24.972099],[51.71883,25.293558],[51.574989,25.357851],[51.697906,25.872192],[51.422817,26.129364],[51.122864,26.129364],[50.954536,25.936485],[50.924633,25.615021],[50.768986,25.550728],[50.728928,25.100683],[50.654118,25.100683],[50.607647,25.422144],[50.325462,25.615021],[50.210972,26.000778],[50.06702,26.065071],[50.223007,26.129364],[50.253674,26.45083],[50.116035,26.579414],[50.134964,26.772293],[49.359634,27.286627],[49.241947,27.608078],[48.872158,27.672369],[48.974144,27.929525],[48.562653,28.31525],[48.460411,28.765244],[48.193745,29.086657],[48.215385,29.279497],[48.078644,29.408054],[47.85165,29.408054],[47.866222,29.536612],[48.40353,29.600887],[48.365444,29.922264],[48.903683,29.986536],[48.987267,30.05081],[48.942848,30.307894],[49.585899,29.986536],[50.064808,30.179354],[50.236282,29.729441],[50.65126,29.408054],[50.620323,29.150936],[50.915039,29.086657],[50.809032,28.829527],[51.028076,28.765244],[51.06625,28.443821],[51.331299,28.122389],[51.316845,27.993813],[51.59668,27.800947],[52.048557,27.800947],[52.478695,27.608078],[52.736969,27.222336],[53.46059,26.96517],[53.658123,26.708],[54.258892,26.708],[54.463234,26.515121],[54.831562,26.45083],[55.242313,26.772293],[55.542747,26.772293],[55.31023,26.708],[55.288887,26.515121],[55.439003,26.515121],[55.603413,26.643707],[56.061192,26.708],[56.308643,26.900877],[56.323616,27.029461],[56.098141,27.029461],[56.188377,27.158045],[56.714657,27.158045],[57.052422,26.836584],[57.114807,26.065071],[57.379536,25.743607],[57.679214,25.743607],[57.740223,25.615021],[57.957985,25.550728],[58.781723,25.550728],[59.060219,25.357851],[60.632114,25.357851],[60.617828,25.229267],[60.917149,25.229267],[61.127369,25.100683],[61.658222,25.164974],[61.718681,25.03639],[62.017872,25.03639],[62.181957,25.164974],[62.47393,25.100683],[62.563419,25.229267],[63.536217,25.229267],[63.626205,25.357851],[64.225021,25.357851],[64.284523,25.229267],[64.800644,25.164974],[64.816063,25.293558],[66.021477,25.357851],[66.345146,25.550728],[66.679092,25.229267],[66.63205,24.843517],[67.214699,24.714935],[67.251434,24.393482],[67.326126,24.393482],[67.289078,24.072035],[67.363724,24.072035],[67.535217,24.264904],[67.761429,24.907808],[68.217285,25.550728],[68.193802,25.936485],[68.061371,26.065071],[67.992203,26.643707],[67.917122,26.643707],[68.086548,27.286627],[68.521912,27.672369],[69.230171,27.865236],[70.165794,28.508106],[70.394867,28.958094],[70.558754,29.85799],[68.432045,30.243624],[67.154037,30.307894],[67.165771,30.372164],[66.342522,30.436434],[65.629669,30.693508],[64.588959,30.822044],[64.460014,30.950579],[64.325577,31.46472],[64.249405,31.46472],[64.281693,32.043148],[64.20536,32.043148],[64.215553,32.493073],[64.355171,32.814472],[64.278625,32.814472],[64.329826,33.071609],[64.253212,33.071609],[64.357437,33.585949],[64.744812,33.971771],[65.93264,34.486301],[66.369965,35.065311],[66.717278,35.902035],[66.902649,36.030804],[67.072609,36.417206],[67.80307,36.546032],[68.486343,36.481617],[68.596123,36.610455],[69.000961,36.674877],[70.24482,36.674877],[71.479111,36.932613],[71.575394,37.577259],[71.497337,37.577259],[71.79216,38.351463],[72.315346,38.80344],[73.000923,39.255703],[73.158264,39.255703],[73.415466,39.578934],[73.573059,39.578934],[73.800003,40.29063],[73.525734,40.42012],[73.488907,40.549641],[73.330536,40.549641],[73.293785,40.679188],[72.976822,40.679188],[72.998047,40.743973],[71.761009,41.327385],[71.644791,41.457119],[71.687859,41.586884],[71.376076,41.846512],[71.419632,41.976379],[71.245773,42.171238],[70.417755,42.561192],[70.11322,43.081631],[69.536942,43.276947],[69.581245,43.407204],[69.420357,43.407204],[68.109581,42.106277],[66.890976,41.262531],[66.652519,41.262531],[66.692963,41.132843],[66.279289,40.808765],[65.686676,40.679188],[65.388351,40.743973],[65.351143,40.61441],[63.264709,40.225895],[62.738682,40.031734],[62.501751,40.031734],[62.474163,40.225895],[62.33326,40.29063],[62.40271,40.549641],[62.296909,40.743973],[62.526604,41.003189],[62.385735,41.068012],[62.457848,41.327385],[62.150997,41.651779]]],[[[36.982609,38.738853],[36.974552,38.674274],[37.053001,38.674274],[37.061085,38.738853],[36.982609,38.738853]]]]}},{"type":"Feature","id":"cliopatria-3577","properties":{"recordId":"cliopatria-3577","polityId":"abbasid-caliphate","name":"Abbâsî Halifeliği","color":"#627b55","start":900,"endExclusive":911},"geometry":{"type":"MultiPolygon","coordinates":[[[[56.057823,23.6863],[56.063507,23.750589],[56.143826,23.814878],[56.000343,23.879168],[55.908649,23.6863],[56.057823,23.6863]]],[[[61.008095,42.691246],[60.761799,42.951466],[60.780453,43.016544],[60.391895,43.342072],[60.367706,43.537502],[59.123524,43.407204],[58.63295,43.667835],[58.417542,43.472347],[58.337067,43.472347],[58.051487,43.016544],[57.956982,42.366177],[57.564445,41.781593],[57.464874,41.392246],[56.827438,40.743973],[54.385082,40.808765],[54.37014,40.743973],[53.404358,40.679188],[53.448212,40.873566],[53.339661,40.743973],[52.943321,40.743973],[52.972282,40.873566],[52.89296,40.873566],[52.699429,40.35537],[52.778534,40.35537],[52.787666,40.031734],[53.498451,40.031734],[53.54493,39.514275],[53.137505,39.449623],[53.51759,39.384975],[53.986782,38.997231],[53.829762,37.835243],[53.907906,37.835243],[53.910469,37.448292],[54.094666,37.190418],[54.033295,36.868176],[53.95549,36.868176],[53.919201,36.674877],[53.996941,36.674877],[54.080471,36.288391],[54.223785,36.223988],[54.009815,35.902035],[52.813625,35.7089],[52.526352,35.83765],[52.337978,35.644527],[52.028374,35.644527],[51.97303,35.773273],[51.37534,35.902035],[51.175716,36.095196],[50.943073,36.095196],[50.809814,36.223988],[50.411034,36.159592],[50.355114,36.288391],[49.187725,36.739307],[49.164009,37.061508],[49.464054,37.448292],[49.085102,37.512772],[48.884293,37.706242],[48.841076,38.351463],[47.822769,38.351463],[47.251614,38.674274],[46.120892,38.480572],[45.853909,38.286919],[45.634884,37.899754],[45.223763,37.770741],[45.173653,37.448292],[45.251659,37.448292],[45.290001,37.190418],[45.445835,37.190418],[45.250854,36.932613],[44.803127,37.061508],[44.773808,37.383816],[44.627602,37.448292],[44.520672,37.770741],[43.788647,37.577259],[42.695911,37.577259],[42.899025,37.899754],[43.064903,37.964268],[43.093742,38.157841],[42.62418,38.157841],[42.643291,38.286919],[42.486679,38.286919],[42.073856,38.674274],[42.230518,39.191074],[42.466457,39.191074],[42.931492,39.6436],[42.547672,39.708271],[42.568371,39.837635],[41.631683,39.902328],[41.751514,40.161167],[40.585991,40.29063],[40.526909,40.42012],[40.299484,40.484875],[39.589115,39.96703],[38.841835,39.708271],[38.298851,39.772949],[38.159004,39.902328],[38.150036,39.837635],[37.677528,39.255703],[37.433086,39.191074],[37.312904,38.868031],[37.069195,38.80344],[37.131454,38.674274],[36.793804,38.480572],[36.605843,38.222378],[36.456985,38.286919],[36.154266,37.706242],[35.820015,37.512772],[35.351837,37.512772],[35.032707,37.448292],[34.778004,37.254879],[34.659443,36.868176],[34.89286,36.868176],[34.95039,36.674877],[35.112656,36.739307],[35.332272,36.610455],[35.487709,36.610455],[35.833588,36.932613],[36.144901,36.932613],[36.208443,36.803738],[36.908504,36.803738],[37.197533,36.610455],[38.130165,36.610455],[39.698647,36.095196],[40.015652,35.515793],[40.039074,35.065311],[39.395634,34.164703],[38.550293,33.457355],[38.356682,33.071609],[37.190792,32.107422],[36.920219,31.657526],[36.761955,31.593258],[36.389858,30.822044],[35.78997,29.986536],[35.480316,28.89381],[35.049179,28.122389],[35.044868,28.058102],[35.195602,28.058102],[35.408699,27.865236],[35.466938,27.608078],[35.613239,27.543789],[35.671688,27.286627],[36.164864,26.772293],[36.429104,26.193659],[36.717297,26.000778],[36.772972,25.679314],[37.270718,25.229267],[37.330799,24.972099],[37.177612,24.907808],[37.170456,24.779226],[37.387592,24.650644],[37.444801,24.329193],[38.031754,24.136324],[38.601074,23.622013],[38.868824,23.043421],[38.858875,22.850559],[39.140198,22.529123],[39.027058,21.757685],[39.169296,21.629112],[39.147015,21.179108],[39.350567,20.793392],[39.843853,20.279102],[40.140362,20.279102],[40.561588,19.829096],[40.85104,19.700523],[40.840767,19.507662],[40.985382,19.443375],[41.042099,19.121941],[41.250076,18.864792],[41.236103,18.607641],[41.450821,18.479067],[41.577473,18.093342],[42.136215,17.514753],[42.210003,17.514753],[42.663536,17.707617],[42.977043,18.029055],[43.505142,18.221918],[43.893356,18.543354],[43.90469,18.736217],[44.278179,18.800505],[44.230915,19.250515],[44.456738,19.314802],[44.46822,19.507662],[43.972561,19.893383],[43.980045,20.021955],[42.92617,21.050535],[42.866306,21.30768],[42.583553,21.564825],[42.385693,22.01483],[42.240574,22.079117],[41.908333,22.786272],[41.763065,22.850559],[41.494549,23.364861],[41.505806,23.557724],[41.155655,23.943457],[40.621452,24.972099],[40.475979,25.03639],[40.342945,25.293558],[40.426243,25.422144],[40.131012,25.486437],[40.09515,26.065071],[39.940784,26.000778],[40.033592,26.257952],[39.883568,26.257952],[39.897144,26.45083],[39.822098,26.45083],[39.910942,26.643707],[39.760777,26.643707],[39.774727,26.836584],[39.699608,26.836584],[39.873512,28.122389],[40.217827,28.636677],[40.368813,28.636677],[40.309837,28.829527],[40.570438,29.215218],[40.727467,29.279497],[40.914204,29.665165],[41.07169,29.729441],[41.171898,29.986536],[41.898964,30.436434],[42.608974,30.693508],[42.754154,30.62924],[42.843723,30.757776],[43.064831,30.693508],[43.23061,30.822044],[43.838676,30.822044],[44.280445,30.693508],[44.515549,30.757776],[45.09444,30.500702],[45.85741,29.85799],[46.008953,29.85799],[46.207935,29.600887],[46.359356,29.600887],[46.565342,29.408054],[46.551403,29.279497],[46.709656,29.343777],[46.695724,29.215218],[46.846966,29.215218],[46.757507,29.086657],[46.98428,29.086657],[47.252098,28.765244],[47.403137,28.765244],[47.677814,28.508106],[48.130592,28.508106],[48.014282,28.829527],[47.534664,29.279497],[47.646427,29.600887],[47.941917,29.536612],[48.40353,29.600887],[48.365444,29.922264],[48.903683,29.986536],[48.987267,30.05081],[48.942848,30.307894],[49.585899,29.986536],[50.064808,30.179354],[50.236282,29.729441],[50.65126,29.408054],[50.620323,29.150936],[50.915039,29.086657],[50.809032,28.829527],[51.028076,28.765244],[51.06625,28.443821],[51.331299,28.122389],[51.316845,27.993813],[51.59668,27.800947],[52.048557,27.800947],[52.478695,27.608078],[52.736969,27.222336],[53.46059,26.96517],[53.658123,26.708],[54.258892,26.708],[54.463234,26.515121],[54.831562,26.45083],[55.242313,26.772293],[55.542747,26.772293],[55.31023,26.708],[55.288887,26.515121],[55.439003,26.515121],[55.603413,26.643707],[56.061192,26.708],[56.308643,26.900877],[56.323616,27.029461],[56.098141,27.029461],[56.188377,27.158045],[56.714657,27.158045],[56.805275,27.286627],[56.618725,27.608078],[56.468182,27.608078],[56.341393,27.800947],[56.190765,27.800947],[55.988739,27.993813],[55.762676,27.993813],[55.878521,28.31525],[55.542526,28.636677],[55.467735,29.215218],[54.897171,29.472334],[54.856449,29.729441],[54.571075,29.85799],[54.473038,30.243624],[54.321308,30.243624],[54.272568,30.436434],[54.129829,30.500702],[54.166542,30.757776],[53.975677,31.014847],[54.042015,31.46472],[53.965839,31.46472],[54.144073,32.621628],[56.504044,34.743614],[56.551502,35.000969],[56.957417,35.515793],[57.12447,35.580158],[57.457085,36.095196],[58.00008,36.481617],[58.838844,37.512772],[60.274456,38.674274],[61.467014,39.06184],[61.860001,39.06184],[62.69051,38.609699],[63.461246,38.868031],[63.494045,38.997231],[63.369843,39.126453],[63.212601,39.126453],[63.04285,39.384975],[62.88541,39.384975],[62.637028,39.6436],[62.687565,39.837635],[62.546688,39.902328],[62.580727,40.031734],[62.501751,40.031734],[62.474163,40.225895],[62.33326,40.29063],[62.40271,40.549641],[62.296909,40.743973],[62.526604,41.003189],[62.385735,41.068012],[62.457848,41.327385],[62.316936,41.392246],[62.353336,41.521996],[62.150997,41.651779],[62.187664,41.781593],[61.942348,42.041325],[61.782696,42.041325],[61.555595,42.366177],[61.395657,42.366177],[61.168327,42.691246],[61.008095,42.691246]]],[[[36.974552,38.674274],[37.053001,38.674274],[37.061085,38.738853],[36.982609,38.738853],[36.974552,38.674274]]]]}},{"type":"Feature","id":"cliopatria-4098","properties":{"recordId":"cliopatria-4098","polityId":"byzantine-empire","name":"Bizans İmparatorluğu","color":"#8b6390","start":1000,"endExclusive":1003},"geometry":{"type":"MultiPolygon","coordinates":[[[[24.156919,35.515793],[23.615402,35.515793],[23.679211,35.258358],[24.757446,35.194008],[24.823746,35.000969],[26.140074,35.065311],[26.225334,35.194008],[25.680649,35.129658],[25.692335,35.322712],[24.30097,35.322712],[24.149879,35.38707],[24.156919,35.515793]]],[[[22.887205,36.417206],[22.874044,36.159592],[23.10675,36.159592],[23.116798,36.352795],[22.887205,36.417206]]],[[[24.283318,37.706242],[24.201319,37.641747],[24.271585,37.512772],[24.431587,37.577259],[24.361416,37.706242],[24.283318,37.706242]]],[[[25.051886,37.512772],[25.285975,37.512772],[25.220497,37.706242],[24.986202,37.706242],[25.051886,37.512772]]],[[[20.621307,37.899754],[20.612696,37.706242],[20.922148,37.641747],[20.933977,37.899754],[20.621307,37.899754]]],[[[24.694225,38.028786],[24.681931,37.835243],[24.830006,37.706242],[25.06847,37.770741],[24.772438,38.028786],[24.694225,38.028786]]],[[[20.319902,38.157841],[20.786493,38.093311],[20.795446,38.286919],[20.56641,38.416016],[20.488054,38.416016],[20.328466,38.351463],[20.319902,38.157841]]],[[[23.567327,38.80344],[23.488827,38.80344],[23.484909,38.738853],[23.563383,38.738853],[23.567327,38.80344]]],[[[24.364975,38.997231],[24.35652,38.868031],[24.662033,38.738853],[24.674931,38.932625],[24.364975,38.997231]]],[[[19.921406,39.772949],[19.763659,39.772949],[19.757786,39.6436],[19.912464,39.578934],[19.921406,39.772949]]],[[[16.66304,38.932625],[17.138302,39.06184],[17.069679,39.384975],[16.447258,39.6436],[16.454754,39.902328],[16.697485,40.096447],[16.624453,40.29063],[16.861696,40.29063],[16.945017,40.42012],[16.86799,40.484875],[17.028482,40.549641],[17.34523,40.549641],[17.417536,40.35537],[17.813072,40.35537],[18.112169,39.902328],[18.348944,39.902328],[18.438118,40.161167],[17.98123,40.61441],[17.510658,40.743973],[17.202692,41.003189],[15.943941,41.392246],[15.87384,41.716682],[16.11488,41.781593],[16.118883,41.911442],[15.400974,41.911442],[15.475429,41.716682],[15.312662,41.586884],[15.377034,41.003189],[15.535788,41.003189],[15.441473,40.42012],[15.520607,40.42012],[15.589821,40.031734],[15.747773,40.031734],[15.665508,39.902328],[15.898874,39.772949],[16.116541,39.06184],[16.2703,38.932625],[16.265209,38.738853],[15.949724,38.674274],[15.941912,38.351463],[15.627139,38.286919],[15.698193,37.964268],[15.932764,37.964268],[16.491945,38.416016],[16.502396,38.80344],[16.66304,38.932625]]],[[[24.490965,40.808765],[24.55126,40.549641],[24.793625,40.61441],[24.808144,40.808765],[24.490965,40.808765]]],[[[18.143457,42.626213],[18.85203,42.366177],[19.386181,41.846512],[19.708424,41.911442],[19.715025,42.041325],[19.635201,42.041325],[18.481434,43.016544],[18.240643,43.016544],[18.085743,43.146725],[17.764448,43.146725],[17.678797,43.016544],[17.518269,43.016544],[17.510494,42.821339],[17.833897,42.886398],[18.143457,42.626213]]],[[[17.668203,42.756287],[17.665569,42.691246],[17.745684,42.691246],[17.748348,42.756287],[17.668203,42.756287]]],[[[34.087322,35.000969],[33.957134,35.258358],[34.529419,35.580158],[34.542076,35.7089],[34.309811,35.7089],[33.737377,35.38707],[32.886871,35.38707],[32.875248,35.258358],[32.554737,35.129658],[32.245789,35.129658],[32.229042,34.936626],[32.366657,34.743614],[33.04356,34.550625],[33.132069,34.679283],[33.523399,34.743614],[33.695393,34.936626],[34.087322,35.000969]]],[[[27.692524,36.288391],[27.742563,35.902035],[28.139332,36.030804],[28.250166,36.481617],[28.017138,36.481617],[27.692524,36.288391]]],[[[27.116777,36.932613],[27.03895,36.932613],[26.865324,36.674877],[27.185417,36.803738],[27.116777,36.932613]]],[[[25.339022,37.125961],[25.330807,36.997059],[25.564358,36.997059],[25.572706,37.125961],[25.339022,37.125961]]],[[[26.07958,37.706242],[25.988245,37.512772],[26.304852,37.577259],[26.313875,37.706242],[26.07958,37.706242]]],[[[25.899136,38.480572],[25.876406,38.157841],[26.111189,38.157841],[26.217344,38.545132],[25.991434,38.674274],[25.912983,38.674274],[25.820757,38.480572],[25.899136,38.480572]]],[[[31.180054,41.068012],[30.624228,41.068012],[30.479235,41.197685],[28.963121,41.132843],[28.969519,41.197685],[28.352495,41.392246],[28.21833,41.651779],[27.979368,41.651779],[27.936981,42.041325],[27.49489,42.431171],[27.513538,42.626213],[27.846626,42.756287],[27.865858,42.951466],[27.785624,42.951466],[27.792034,43.016544],[25.762856,42.756287],[25.757242,42.691246],[25.677126,42.691246],[24.504515,42.041325],[24.49448,41.911442],[24.798267,41.716682],[24.778105,41.457119],[24.524693,41.262531],[24.206747,41.262531],[23.473425,41.003189],[22.997168,41.003189],[22.504522,40.743973],[22.385654,40.096447],[22.681965,39.772949],[22.674206,39.6436],[22.827944,39.578934],[22.411623,39.191074],[20.375969,39.384975],[20.372906,39.320335],[20.910957,39.06184],[20.741354,38.80344],[20.973709,38.738853],[21.193251,38.416016],[21.738432,38.351463],[21.728594,38.157841],[21.41555,38.157841],[21.243582,37.835243],[21.696598,37.512772],[21.603115,37.190418],[21.681032,37.190418],[21.74354,36.868176],[21.899153,36.868176],[21.908501,37.061508],[22.219992,37.061508],[22.356344,36.674877],[22.511827,36.674877],[22.599413,36.868176],[22.832832,36.868176],[23.056013,36.674877],[22.85322,37.254879],[22.700735,37.319347],[22.71443,37.577259],[22.948587,37.577259],[23.175602,37.448292],[23.168507,37.319347],[23.402393,37.319347],[23.342487,37.641747],[23.108261,37.641747],[23.044498,37.899754],[23.200832,37.899754],[23.208162,38.028786],[23.442802,38.028786],[23.978632,37.835243],[24.0021,38.222378],[24.158669,38.222378],[24.178871,38.545132],[24.030163,38.674274],[23.563383,38.738853],[23.626148,38.480572],[23.312632,38.480572],[23.167202,38.674274],[22.935583,38.738853],[23.025423,38.932625],[23.331829,38.80344],[23.492762,38.868031],[22.958305,39.126453],[22.797287,39.06184],[22.816326,39.384975],[23.135168,39.449623],[22.610868,39.902328],[22.701664,40.096447],[22.543659,40.096447],[22.571581,40.549641],[22.89249,40.61441],[22.95919,40.42012],[23.737373,40.225895],[23.838575,40.549641],[23.684629,40.61441],[23.698017,40.808765],[24.010609,40.743973],[24.346565,41.003189],[25.849451,40.938374],[26.082169,40.873566],[26.140261,40.61441],[26.547176,40.743973],[26.620983,40.679188],[26.779465,40.679188],[26.773972,40.61441],[26.9324,40.61441],[26.768499,40.549641],[26.921368,40.484875],[27.017187,40.679188],[27.527481,41.068012],[29.115555,41.068012],[29.102762,40.938374],[29.24865,40.808765],[29.49301,40.873566],[29.394409,40.679188],[28.912746,40.61441],[28.900379,40.484875],[29.046322,40.35537],[27.938818,40.35537],[27.950455,40.484875],[27.792133,40.484875],[27.695789,40.29063],[27.537628,40.29063],[27.469822,40.42012],[26.6731,40.35537],[26.683887,40.484875],[26.604727,40.484875],[26.272333,40.29063],[26.132458,39.514275],[26.846579,39.578934],[26.742226,39.255703],[26.894468,39.191074],[26.879292,38.997231],[26.957865,38.997231],[26.84947,38.609699],[27.079775,38.545132],[27.064962,38.351463],[26.594975,38.351463],[26.535763,38.609699],[26.383688,38.674274],[26.428907,38.222378],[26.820328,38.222378],[26.888994,38.093311],[27.275282,38.028786],[27.177744,37.770741],[27.255865,37.770741],[27.163431,37.577259],[27.309988,37.448292],[27.222542,37.319347],[27.539192,37.383816],[27.597979,37.125961],[28.06535,37.125961],[28.13833,37.061508],[28.031439,36.674877],[28.186922,36.674877],[28.357105,36.868176],[28.590525,36.868176],[28.736103,36.739307],[29.124916,36.739307],[29.239721,36.223988],[29.938032,36.223988],[30.026136,36.352795],[30.491936,36.352795],[30.619068,36.932613],[31.086039,36.932613],[32.068062,36.610455],[32.498512,36.223988],[32.55835,36.030804],[32.713402,36.030804],[33.274414,36.223988],[33.979065,36.288391],[34.250721,36.674877],[34.581635,36.868176],[34.89286,36.868176],[34.95039,36.674877],[35.112656,36.739307],[35.487709,36.610455],[35.833588,36.932613],[36.144901,36.932613],[36.286228,36.803738],[36.2649,36.610455],[35.848614,36.352795],[35.990074,36.223988],[35.844883,35.580158],[35.992947,35.515793],[35.889072,35.258358],[35.926987,34.872288],[36.055241,34.614952],[36.293018,34.679283],[36.312767,34.872288],[36.165035,34.936626],[36.184872,35.129658],[36.352741,35.258358],[36.343346,35.902035],[36.688385,36.223988],[37.013107,36.352795],[37.027557,36.481617],[37.282623,36.674877],[38.394161,36.868176],[38.487579,36.997059],[38.72113,36.997059],[38.73698,37.125961],[39.392864,37.383816],[40.692726,37.770741],[41.395821,37.770741],[41.377918,37.641747],[41.594231,37.512772],[41.576435,37.383816],[41.81039,37.383816],[42.173447,38.286919],[42.47715,38.222378],[42.496239,38.351463],[42.073856,38.674274],[42.132149,39.06184],[42.230518,39.191074],[42.466457,39.191074],[42.575344,39.384975],[42.921116,39.578934],[42.883965,39.837635],[42.805065,39.837635],[42.775181,40.61441],[43.103062,40.679188],[43.147549,40.938374],[43.476273,41.003189],[43.578472,41.132843],[43.192646,41.197685],[42.863255,41.586884],[42.624374,41.586884],[42.442627,41.457119],[41.578281,41.521996],[41.56736,41.457119],[41.408218,41.457119],[41.307072,41.327385],[41.15876,41.392246],[41.047256,41.197685],[40.539349,41.003189],[40.390892,41.068012],[40.370331,40.938374],[39.735538,40.938374],[39.050892,41.132843],[38.783352,40.938374],[38.297737,40.873566],[38.158054,41.003189],[37.831161,40.938374],[37.770565,41.068012],[37.214741,41.068012],[37.233234,41.197685],[37.065109,41.132843],[36.774765,41.327385],[36.209202,41.262531],[35.9538,41.716682],[35.307549,41.651779],[35.086025,41.781593],[35.121212,42.041325],[34.881737,42.041325],[34.7845,41.911442],[32.630775,41.911442],[32.694706,41.781593],[32.193371,41.586884],[32.041729,41.651779],[32.026531,41.521996],[31.534176,41.392246],[31.180054,41.068012]]],[[[26.093567,38.997231],[26.24589,38.932625],[26.643574,38.997231],[26.511208,39.320335],[26.043896,39.384975],[25.793419,39.191074],[26.103172,39.126453],[26.093567,38.997231]]],[[[25.066978,40.031734],[24.973936,39.837635],[25.447329,39.837635],[25.461861,40.031734],[25.066978,40.031734]]],[[[25.718765,40.29063],[25.703753,40.096447],[26.024851,40.161167],[26.035089,40.29063],[25.718765,40.29063]]],[[[33.601089,45.038776],[33.547554,44.646614],[33.466526,44.646614],[33.448845,44.51598],[33.529812,44.51598],[33.520962,44.450676],[33.763771,44.450676],[34.096588,44.51598],[34.367065,44.711948],[34.385517,44.842648],[34.241646,44.973392],[34.079269,44.973392],[34.088409,45.038776],[33.601089,45.038776]]]]}},{"type":"Feature","id":"cliopatria-5181","properties":{"recordId":"cliopatria-5181","polityId":"byzantine-empire","name":"Bizans İmparatorluğu","color":"#8b6390","start":1192,"endExclusive":1202},"geometry":{"type":"MultiPolygon","coordinates":[[[[24.156919,35.515793],[23.615402,35.515793],[23.679211,35.258358],[24.757446,35.194008],[24.823746,35.000969],[26.140074,35.065311],[26.225334,35.194008],[25.680649,35.129658],[25.692335,35.322712],[24.30097,35.322712],[24.149879,35.38707],[24.156919,35.515793]]],[[[22.887205,36.417206],[22.874044,36.159592],[23.10675,36.159592],[23.116798,36.352795],[22.887205,36.417206]]],[[[24.283318,37.706242],[24.201319,37.641747],[24.271585,37.512772],[24.431587,37.577259],[24.361416,37.706242],[24.283318,37.706242]]],[[[25.051886,37.512772],[25.285975,37.512772],[25.220497,37.706242],[24.986202,37.706242],[25.051886,37.512772]]],[[[20.621307,37.899754],[20.612696,37.706242],[20.922148,37.641747],[20.933977,37.899754],[20.621307,37.899754]]],[[[24.694225,38.028786],[24.681931,37.835243],[24.830006,37.706242],[25.06847,37.770741],[24.772438,38.028786],[24.694225,38.028786]]],[[[20.319902,38.157841],[20.786493,38.093311],[20.795446,38.286919],[20.56641,38.416016],[20.488054,38.416016],[20.328466,38.351463],[20.319902,38.157841]]],[[[23.567327,38.80344],[23.488827,38.80344],[23.484909,38.738853],[23.563383,38.738853],[23.567327,38.80344]]],[[[24.364975,38.997231],[24.35652,38.868031],[24.662033,38.738853],[24.674931,38.932625],[24.364975,38.997231]]],[[[20.073074,39.6436],[20.070057,39.578934],[20.148855,39.578934],[20.151897,39.6436],[20.073074,39.6436]]],[[[25.066978,40.031734],[24.973936,39.837635],[25.447329,39.837635],[25.461861,40.031734],[25.066978,40.031734]]],[[[24.490965,40.808765],[24.55126,40.549641],[24.793625,40.61441],[24.808144,40.808765],[24.490965,40.808765]]],[[[27.742563,35.902035],[28.139332,36.030804],[28.250166,36.481617],[28.017138,36.481617],[27.692524,36.288391],[27.742563,35.902035]]],[[[27.116777,36.932613],[27.03895,36.932613],[26.865324,36.674877],[27.185417,36.803738],[27.116777,36.932613]]],[[[25.339022,37.125961],[25.330807,36.997059],[25.564358,36.997059],[25.572706,37.125961],[25.339022,37.125961]]],[[[25.988245,37.512772],[26.304852,37.577259],[26.313875,37.706242],[26.07958,37.706242],[25.988245,37.512772]]],[[[25.899136,38.480572],[25.876406,38.157841],[26.111189,38.157841],[26.217344,38.545132],[25.991434,38.674274],[25.912983,38.674274],[25.820757,38.480572],[25.899136,38.480572]]],[[[26.093567,38.997231],[26.24589,38.932625],[26.643574,38.997231],[26.511208,39.320335],[26.043896,39.384975],[25.793419,39.191074],[26.103172,39.126453],[26.093567,38.997231]]],[[[22.052603,41.132843],[21.80652,41.003189],[21.655447,41.132843],[21.595308,41.457119],[21.607037,41.651779],[21.770336,41.716682],[21.714678,42.106277],[21.475119,42.106277],[21.247204,42.301189],[21.087324,42.301189],[21.194586,42.756287],[20.965734,42.951466],[20.805265,42.951466],[20.54973,42.691246],[20.225698,42.626213],[19.724998,42.23621],[19.465919,41.846512],[19.462729,41.781593],[19.54244,41.781593],[19.450062,41.521996],[19.529659,41.521996],[19.44379,41.392246],[19.523333,41.392246],[19.437559,41.262531],[19.498455,40.873566],[19.254547,40.743973],[19.248652,40.61441],[19.486294,40.61441],[19.471369,40.29063],[19.62953,40.29063],[20.009418,39.96703],[20.000278,39.772949],[19.763659,39.772949],[19.757786,39.6436],[19.912464,39.578934],[19.918411,39.708271],[20.154955,39.708271],[20.297249,39.384975],[20.910957,39.06184],[20.741354,38.80344],[20.973709,38.738853],[21.193251,38.416016],[21.738432,38.351463],[21.728594,38.157841],[21.41555,38.157841],[21.243582,37.835243],[21.696598,37.512772],[21.603115,37.190418],[21.681032,37.190418],[21.74354,36.868176],[21.899153,36.868176],[21.908501,37.061508],[22.219992,37.061508],[22.356344,36.674877],[22.511827,36.674877],[22.599413,36.868176],[22.832832,36.868176],[23.056013,36.674877],[22.85322,37.254879],[22.700735,37.319347],[22.71443,37.577259],[22.948587,37.577259],[23.175602,37.448292],[23.168507,37.319347],[23.402393,37.319347],[23.342487,37.641747],[23.108261,37.641747],[23.044498,37.899754],[23.200832,37.899754],[23.208162,38.028786],[23.442802,38.028786],[23.978632,37.835243],[24.0021,38.222378],[24.158669,38.222378],[24.178871,38.545132],[24.030163,38.674274],[23.563383,38.738853],[23.626148,38.480572],[23.312632,38.480572],[23.167202,38.674274],[22.935583,38.738853],[23.025423,38.932625],[23.331829,38.80344],[23.492762,38.868031],[22.958305,39.126453],[22.797287,39.06184],[22.816326,39.384975],[23.135168,39.449623],[22.610868,39.902328],[22.701664,40.096447],[22.543659,40.096447],[22.571581,40.549641],[22.89249,40.61441],[22.95919,40.42012],[23.737373,40.225895],[23.838575,40.549641],[23.684629,40.61441],[23.698017,40.808765],[24.010609,40.743973],[24.346565,41.003189],[25.849451,40.938374],[26.082169,40.873566],[26.140261,40.61441],[26.547176,40.743973],[26.620983,40.679188],[26.779465,40.679188],[26.773972,40.61441],[26.9324,40.61441],[26.768499,40.549641],[26.921368,40.484875],[27.017187,40.679188],[27.527481,41.068012],[29.115555,41.068012],[29.102762,40.938374],[29.24865,40.808765],[29.49301,40.873566],[29.394409,40.679188],[28.912746,40.61441],[28.900379,40.484875],[29.046322,40.35537],[27.938818,40.35537],[27.950455,40.484875],[27.792133,40.484875],[27.695789,40.29063],[27.537628,40.29063],[27.469822,40.42012],[26.6731,40.35537],[26.683887,40.484875],[26.604727,40.484875],[26.272333,40.29063],[26.132458,39.514275],[26.846579,39.578934],[26.742226,39.255703],[26.894468,39.191074],[26.879292,38.997231],[26.957865,38.997231],[26.84947,38.609699],[27.079775,38.545132],[27.064962,38.351463],[26.594975,38.351463],[26.535763,38.609699],[26.383688,38.674274],[26.428907,38.222378],[26.820328,38.222378],[26.888994,38.093311],[27.275282,38.028786],[27.177744,37.770741],[27.255865,37.770741],[27.163431,37.577259],[27.309988,37.448292],[27.222542,37.319347],[27.539192,37.383816],[27.597979,37.125961],[28.06535,37.125961],[28.13833,37.061508],[28.031439,36.674877],[28.186922,36.674877],[28.357105,36.868176],[29.124916,36.739307],[29.239721,36.223988],[29.938032,36.223988],[30.026136,36.352795],[30.491936,36.352795],[30.53569,36.868176],[30.852552,36.932613],[30.71945,37.190418],[30.74807,37.512772],[30.603506,37.641747],[30.152033,37.835243],[30.09672,38.093311],[29.879139,38.286919],[29.913977,38.674274],[29.774645,38.868031],[29.919653,39.578934],[30.077246,39.578934],[30.096043,39.772949],[30.779949,40.29063],[31.096272,40.29063],[31.268248,40.42012],[31.915663,40.549641],[33.59417,40.679188],[33.784359,40.938374],[36.878971,40.938374],[37.169048,40.743973],[37.565388,40.743973],[37.863918,40.61441],[38.665577,40.679188],[40.567356,40.679188],[41.253735,41.003189],[41.795097,41.392246],[41.737476,41.521996],[41.578281,41.521996],[41.56736,41.457119],[41.408218,41.457119],[41.307072,41.327385],[41.15876,41.392246],[41.047256,41.197685],[40.539349,41.003189],[40.390892,41.068012],[40.370331,40.938374],[39.735538,40.938374],[39.050892,41.132843],[38.783352,40.938374],[38.297737,40.873566],[38.158054,41.003189],[37.831161,40.938374],[37.770565,41.068012],[37.214741,41.068012],[37.233234,41.197685],[37.065109,41.132843],[36.774765,41.327385],[36.209202,41.262531],[35.9538,41.716682],[35.307549,41.651779],[35.086025,41.781593],[35.121212,42.041325],[34.881737,42.041325],[34.7845,41.911442],[32.630775,41.911442],[32.694706,41.781593],[32.193371,41.586884],[32.041729,41.651779],[32.026531,41.521996],[31.534176,41.392246],[31.180054,41.068012],[30.624228,41.068012],[30.479235,41.197685],[28.963121,41.132843],[28.975935,41.262531],[28.505287,41.327385],[28.279182,41.457119],[28.21833,41.651779],[27.979368,41.651779],[27.936981,42.041325],[27.49489,42.431171],[27.513538,42.626213],[27.67371,42.626213],[27.680016,42.691246],[27.359554,42.691246],[27.261007,42.496178],[26.209198,42.366177],[25.334934,42.431171],[25.196432,42.691246],[24.875971,42.691246],[24.806385,42.821339],[23.84429,42.821339],[23.829575,42.626213],[23.108799,42.626213],[22.93952,42.496178],[22.987843,42.041325],[23.147491,42.041325],[23.133919,41.846512],[23.429958,41.521996],[23.341349,41.392246],[22.864096,41.392246],[22.529192,41.132843],[22.052603,41.132843]]],[[[25.718765,40.29063],[25.703753,40.096447],[26.024851,40.161167],[26.035089,40.29063],[25.718765,40.29063]]],[[[27.978584,43.276947],[27.985125,43.342072],[27.737434,43.276947],[27.711771,43.016544],[27.978584,43.276947]]],[[[33.601089,45.038776],[33.547554,44.646614],[33.466526,44.646614],[33.520962,44.450676],[33.763771,44.450676],[34.096588,44.51598],[34.367065,44.711948],[34.376286,44.777294],[34.241646,44.973392],[34.079269,44.973392],[34.088409,45.038776],[33.601089,45.038776]]]]}},{"type":"Feature","id":"cliopatria-5694","properties":{"recordId":"cliopatria-5694","polityId":"mongol-empire","name":"Moğol İmparatorluğu","color":"#998248","start":1250,"endExclusive":1260},"geometry":{"type":"MultiPolygon","coordinates":[[[[35.019943,45.300438],[34.986397,45.627762],[34.741871,45.627762],[34.544586,45.955376],[34.154926,46.086506],[33.737045,46.020935],[33.709576,45.824295],[32.605339,45.496796],[33.221439,45.235004],[33.465389,45.235004],[33.610054,45.104176],[33.556446,44.711948],[34.033737,44.646614],[34.376286,44.777294],[34.394764,44.908016],[34.566399,44.973392],[35.397602,45.104176],[35.40728,45.169586],[36.200142,45.038776],[36.372631,45.104176],[36.423088,45.431332],[35.019943,45.300438]]],[[[29.665873,45.431332],[29.584459,45.431332],[29.577034,45.365879],[29.658415,45.365879],[29.665873,45.431332]]],[[[52.985497,45.889828],[53.067135,45.889828],[53.084026,45.955376],[53.002357,45.955376],[52.985497,45.889828]]],[[[53.182659,46.020935],[53.100956,46.020935],[53.084026,45.955376],[53.165699,45.955376],[53.182659,46.020935]]],[[[61.196846,61.618961],[61.232563,61.690014],[61.047321,61.690014],[61.083008,61.761108],[60.540501,61.974617],[60.44762,61.974617],[60.483185,62.045868],[60.261856,61.974617],[60.239815,62.117157],[58.599964,62.188484],[58.634445,62.259857],[54.132172,62.188484],[50.666386,61.903408],[50.137711,61.974617],[49.89584,61.832237],[48.212185,61.547951],[47.194759,61.547951],[47.220657,61.618961],[46.067745,61.761108],[46.093018,61.832237],[44.540478,61.903408],[44.492069,61.761108],[44.282722,61.690014],[43.356503,61.690014],[42.088951,61.193459],[41.280926,61.264278],[41.103146,60.981213],[40.203964,61.051926],[39.978848,60.910542],[38.343605,60.981213],[36.743347,60.839905],[36.595898,60.981213],[36.319946,60.981213],[36.263927,61.122673],[35.895485,61.122673],[35.566597,60.910542],[34.84819,60.981213],[34.814304,60.839905],[34.613838,60.769302],[33.082531,60.487259],[32.19894,60.205784],[31.454191,60.135502],[31.468513,60.205784],[31.1033,60.205784],[30.837536,59.784595],[30.382833,59.784595],[30.423334,59.995037],[29.759291,59.85471],[29.772369,59.924858],[29.069183,60.06525],[28.849285,59.85471],[28.406458,59.924858],[28.291201,59.784595],[27.927439,59.784595],[27.880405,59.504478],[28.06181,59.504478],[28.026525,59.294735],[27.731943,59.155071],[27.72049,59.085285],[27.799356,59.015533],[27.719879,58.528168],[27.45022,58.528168],[27.406183,58.250366],[27.652988,58.111649],[27.76482,58.250366],[27.944139,58.250366],[27.97748,57.903805],[27.720377,57.973057],[27.298233,57.558002],[27.721968,57.419888],[27.5581,56.937416],[27.802498,56.799828],[27.891005,56.799828],[28.377832,57.075119],[29.672966,56.868607],[30.108091,56.319149],[30.472759,56.387733],[30.512463,56.11356],[30.676283,56.045086],[30.652105,55.908218],[30.803511,55.771458],[30.767397,55.566513],[30.930468,55.498253],[30.945972,55.08923],[30.858753,55.08923],[30.811621,54.817055],[30.406361,54.477402],[30.481754,54.409546],[30.391914,53.867561],[29.767462,53.192196],[28.756821,53.327087],[28.403158,53.259628],[27.485905,53.462067],[25.747858,53.327087],[25.281048,53.732304],[25.297598,53.867561],[25.141375,54.002914],[24.725271,54.138363],[24.741465,54.273907],[24.584303,54.409546],[23.326151,54.002914],[23.318903,53.935226],[23.038548,53.732304],[22.732159,53.259628],[22.646235,53.259628],[22.428829,52.788067],[22.343225,52.788067],[22.422413,52.720787],[22.292898,52.25045],[22.104174,52.049194],[22.347233,51.915127],[22.687359,51.915127],[22.668579,51.714184],[22.995451,51.580322],[22.879442,51.246017],[23.04241,51.179214],[23.023829,50.978924],[23.108269,50.978924],[23.089796,50.778809],[22.91514,50.712139],[22.946026,50.112961],[22.25832,49.913559],[22.158485,49.714314],[21.385677,49.448895],[21.798271,49.382584],[22.523071,49.051273],[22.778374,49.117504],[22.928722,48.918865],[23.666344,48.786522],[24.052977,48.455936],[24.378963,48.389866],[24.367207,48.257774],[24.686708,48.125744],[24.586227,47.927807],[24.905003,47.795925],[24.887177,47.598209],[25.052204,47.598209],[25.205156,47.466473],[25.263525,47.203167],[25.428137,47.203167],[25.410048,47.005829],[25.708344,46.677208],[25.748003,46.217686],[25.90554,46.152088],[25.54307,45.75877],[24.564184,45.75877],[24.466312,45.562271],[23.320673,45.496796],[22.946857,44.842648],[22.689453,44.646614],[22.684788,44.581291],[22.437223,44.51598],[22.428108,44.385384],[22.661547,44.254829],[22.656916,44.189568],[22.894636,44.124317],[22.951792,43.79821],[23.601761,43.863411],[24.150879,43.667835],[24.881397,43.733017],[25.434298,43.602661],[25.848551,43.733017],[26.281424,44.059074],[27.492672,44.059074],[27.828875,44.189568],[27.943035,44.51598],[27.787735,44.581291],[27.801037,44.711948],[27.969887,44.777294],[27.99688,45.038776],[27.847858,45.169586],[27.868052,45.365879],[28.281864,45.431332],[28.3494,45.300438],[28.667742,45.235004],[29.095985,45.431332],[29.584459,45.431332],[29.614275,45.69326],[29.8589,45.69326],[30.044964,45.889828],[30.297667,45.955376],[30.876579,46.677208],[31.606428,46.611523],[31.787527,46.742905],[32.033733,46.742905],[32.189148,46.677208],[32.163094,46.480194],[31.835352,46.480194],[31.818346,46.348915],[32.063953,46.348915],[32.683659,46.086506],[32.847134,46.086506],[32.946651,46.217686],[33.591911,46.152088],[33.61026,46.283295],[34.01944,46.283295],[34.082531,46.152088],[34.736691,46.152088],[34.755962,46.283295],[35.246975,46.283295],[35.63464,46.677208],[36.804371,46.808617],[36.907879,46.940079],[37.225708,46.87434],[37.165234,47.005829],[37.516098,47.137375],[38.679455,47.203167],[39.196888,47.334789],[39.267414,47.26897],[39.126472,46.940079],[38.891521,47.005829],[38.786301,46.87434],[38.622025,46.87434],[38.494598,46.611523],[37.838581,46.611523],[37.898567,46.480194],[38.367859,46.348915],[38.334564,46.152088],[37.89312,45.955376],[37.860714,45.75877],[37.676193,45.627762],[37.70443,45.300438],[36.972294,45.300438],[36.911564,45.431332],[36.748737,45.431332],[36.778893,45.104176],[37.256008,45.038776],[37.528488,44.711948],[38.014862,44.711948],[38.215279,44.450676],[39.061722,44.189568],[39.758511,43.537502],[40.219173,43.407204],[40.415703,43.146725],[40.817322,43.146725],[41.115826,43.016544],[41.173344,42.886398],[41.333752,42.886398],[41.6087,42.626213],[41.483318,42.366177],[41.700584,42.23621],[41.598209,42.106277],[41.757915,42.106277],[41.735458,41.976379],[41.815254,41.976379],[41.56736,41.457119],[41.408218,41.457119],[41.307072,41.327385],[41.227558,41.327385],[41.296337,41.262531],[41.163822,40.938374],[40.567356,40.679188],[39.784882,40.743973],[38.497627,40.61441],[37.863918,40.61441],[37.565388,40.743973],[37.169048,40.743973],[36.878971,40.938374],[36.7113,40.873566],[36.658913,41.068012],[36.756481,41.197685],[36.915398,41.197685],[36.92458,41.262531],[36.209202,41.262531],[36.024437,41.651779],[35.944782,41.651779],[35.758755,41.457119],[35.723518,41.197685],[35.459259,41.003189],[35.212643,40.938374],[34.999897,41.132843],[34.841034,41.132843],[34.394676,40.743973],[33.990376,40.679188],[33.974529,40.549641],[34.204132,40.484875],[34.417675,40.29063],[34.401867,40.161167],[34.22823,40.031734],[34.205097,39.837635],[34.047298,39.837635],[33.694519,39.514275],[33.722271,39.06184],[33.950809,38.997231],[33.936394,38.868031],[34.591969,38.416016],[34.712715,38.093311],[35.067993,37.770741],[35.231415,37.835243],[35.603081,38.351463],[36.754631,38.157841],[37.850281,38.157841],[38.196304,38.416016],[38.901501,38.416016],[39.242004,38.028786],[39.438034,37.125961],[40.433849,36.997059],[40.918041,37.125961],[40.961781,36.868176],[41.100391,36.739307],[41.860691,36.610455],[42.737019,37.319347],[43.438675,37.319347],[43.410686,37.125961],[43.547878,36.997059],[43.781429,36.997059],[44.357056,36.674877],[44.397495,36.417206],[44.611855,36.288391],[44.593361,36.159592],[44.73003,36.030804],[44.953354,35.966419],[44.934925,35.83765],[45.180519,35.38707],[45.203617,35.000969],[45.34005,34.872288],[45.571518,34.872288],[45.675892,35.065311],[45.82119,35.000969],[45.6898,34.614952],[45.535648,34.614952],[45.500168,34.357655],[45.645313,34.293335],[45.439034,33.907463],[45.592758,33.907463],[46.137794,33.393063],[46.231224,32.943039],[46.682133,32.878754],[46.94558,32.55735],[47.31937,32.493073],[47.599449,32.300243],[47.582439,32.171696],[47.981289,31.721796],[47.7957,31.46472],[47.738956,31.014847],[48.103146,30.886311],[48.04781,30.436434],[48.275547,30.436434],[48.41169,30.307894],[48.38842,30.115082],[48.600475,29.986536],[48.987267,30.05081],[48.942848,30.307894],[49.585899,29.986536],[50.064808,30.179354],[50.236282,29.729441],[50.65126,29.408054],[50.620323,29.150936],[50.915039,29.086657],[50.809032,28.829527],[51.028076,28.765244],[51.06625,28.443821],[51.331299,28.122389],[51.316845,27.993813],[51.59668,27.800947],[52.048557,27.800947],[52.478695,27.608078],[52.736969,27.222336],[53.46059,26.96517],[53.658123,26.708],[54.258892,26.708],[54.463234,26.515121],[54.831562,26.45083],[55.242313,26.772293],[55.542747,26.772293],[55.31023,26.708],[55.288887,26.515121],[55.439003,26.515121],[55.603413,26.643707],[56.061192,26.708],[56.308643,26.900877],[56.323616,27.029461],[56.098141,27.029461],[56.188377,27.158045],[56.714657,27.158045],[57.052422,26.836584],[57.114807,26.065071],[57.379536,25.743607],[57.679214,25.743607],[57.740223,25.615021],[57.957985,25.550728],[58.781723,25.550728],[59.060219,25.357851],[60.632114,25.357851],[60.617828,25.229267],[60.917149,25.229267],[61.127369,25.100683],[61.658222,25.164974],[61.718681,25.03639],[62.017872,25.03639],[62.181957,25.164974],[62.47393,25.100683],[62.563419,25.229267],[63.536217,25.229267],[63.626205,25.357851],[64.225021,25.357851],[64.284523,25.229267],[64.800644,25.164974],[64.816063,25.293558],[66.021477,25.357851],[66.345146,25.550728],[66.679092,25.229267],[66.63205,24.843517],[67.214699,24.714935],[67.251434,24.393482],[67.326126,24.393482],[67.289078,24.072035],[67.363724,24.072035],[67.535217,24.264904],[67.761429,24.907808],[68.217285,25.550728],[68.193802,25.936485],[68.061371,26.065071],[67.992203,26.643707],[67.917122,26.643707],[68.086548,27.286627],[68.521912,27.672369],[69.230171,27.865236],[69.497925,28.122389],[69.734673,28.186676],[69.756042,28.31525],[70.165794,28.508106],[70.394867,28.958094],[70.846024,32.043148],[71.172806,32.493073],[71.229744,32.750191],[71.593826,33.007324],[71.484497,33.200188],[71.528778,33.393063],[72.14077,34.036079],[72.463867,34.100391],[72.417503,33.907463],[73.078232,33.778851],[73.200958,33.650249],[73.154938,33.457355],[74.029404,33.264477],[74.382385,32.814472],[74.673386,32.750191],[74.704651,32.55735],[74.90403,32.428795],[75.20977,32.428795],[75.332603,32.300243],[76.402199,32.300243],[76.524597,32.171696],[77.0439,32.107422],[77.303658,31.914606],[78.03611,31.786066],[78.448021,31.593258],[79.103439,31.46472],[79.454956,31.014847],[79.972397,30.950579],[80.263565,30.564972],[80.841652,30.436434],[81.072388,30.115082],[81.375717,30.115082],[81.758553,29.793715],[81.985817,29.793715],[82.458878,29.536612],[83.262955,29.408054],[83.584602,29.150936],[84.236832,29.022375],[84.407692,28.765244],[84.695908,28.70096],[84.743843,28.572392],[85.196709,28.572392],[85.080139,28.379536],[85.217415,28.31525],[85.745361,28.31525],[86.287102,28.379536],[86.218788,28.058102],[86.342598,27.929525],[86.821724,28.058102],[87.370308,27.800947],[87.746872,27.800947],[88.212387,27.865236],[88.555153,28.058102],[88.842682,27.993813],[88.870628,28.122389],[89.624435,28.122389],[89.968956,28.31525],[90.195221,28.31525],[90.331589,28.250963],[90.363953,28.058102],[90.816154,28.058102],[90.938316,27.929525],[91.192986,28.058102],[91.630745,27.993813],[91.606819,27.543789],[91.729538,27.415209],[92.09185,27.350918],[92.270142,27.479498],[93.201538,27.608078],[95.80011,29.022375],[99.478905,30.307894],[100.903183,31.014847],[100.97924,31.014847],[101.362518,31.271915],[102.544853,31.400452],[103.839531,31.400452],[104.539146,31.207649],[105.016472,31.271915],[105.231308,31.46472],[105.641373,32.23597],[106.041595,33.585949],[106.236664,33.907463],[106.414299,33.971771],[106.851555,33.907463],[107.08712,33.71455],[109.217422,33.457355],[109.750793,33.650249],[110.13472,33.650249],[110.464058,33.907463],[110.796516,33.971771],[111.155815,33.907463],[111.261719,33.585949],[112.163239,33.135899],[113.545197,32.943039],[114.540733,32.943039],[115.381927,33.135899],[115.893036,33.071609],[116.19931,33.264477],[116.812691,33.264477],[118.819221,34.036079],[119.732307,34.550625],[119.760292,34.614952],[119.459015,34.807949],[119.227608,34.807949],[119.618744,35.515793],[119.986481,35.644527],[120.318489,36.030804],[120.658524,36.095196],[120.73185,36.417206],[120.964813,36.417206],[120.978928,36.610455],[121.212082,36.610455],[121.912079,36.932613],[122.145561,36.932613],[122.160538,36.803738],[122.503143,36.868176],[122.566368,36.997059],[122.44239,37.061508],[122.712883,37.448292],[122.121117,37.512772],[122.153519,37.577259],[121.49688,37.512772],[121.483337,37.641747],[121.171036,37.641747],[121.112022,37.835243],[120.753777,37.899754],[120.188072,37.706242],[120.202202,37.577259],[119.826614,37.448292],[119.701111,37.190418],[119.155685,37.190418],[119.139961,37.319347],[118.984039,37.319347],[119.236557,37.835243],[119.392845,37.835243],[119.45713,37.964268],[118.771767,38.157841],[118.804169,38.222378],[118.647598,38.222378],[118.583,38.093311],[118.067421,38.157841],[118.053604,38.286919],[117.772667,38.351463],[117.759209,38.480572],[117.602455,38.480572],[117.654907,38.738853],[117.576431,38.738853],[117.776039,39.126453],[118.045662,39.191074],[118.056862,39.06184],[118.449844,39.06184],[118.989418,39.191074],[119.215302,39.320335],[119.380447,39.772949],[120.500298,40.225895],[120.647346,40.484875],[120.996727,40.679188],[121.109764,40.873566],[121.823662,40.873566],[121.826958,40.743973],[122.106094,40.679188],[122.23056,40.484875],[121.776466,39.96703],[121.503326,39.902328],[121.438339,39.6436],[121.280693,39.6436],[121.209633,39.514275],[121.296532,39.384975],[121.690132,39.384975],[121.515129,39.06184],[121.200737,39.06184],[121.029335,38.738853],[121.421707,38.738853],[121.716225,38.997231],[122.065308,39.06184],[122.170448,39.255703],[122.512978,39.449623],[123.597443,39.837635],[124.033966,39.772949],[124.344604,39.902328],[124.512398,39.6436],[124.864563,39.708271],[124.869743,39.578934],[125.305748,39.514275],[125.39003,39.384975],[125.3536,39.320335],[126.765282,39.449623],[126.728287,39.384975],[127.478394,39.320335],[127.665283,39.6436],[127.58326,39.772949],[127.934593,39.96703],[128.367996,40.031734],[128.682205,40.29063],[129.077713,40.42012],[129.237762,40.679188],[129.755844,40.873566],[129.882202,41.197685],[129.693176,41.521996],[129.782349,41.781593],[130.322128,42.23621],[130.605377,42.301189],[130.904755,42.626213],[131.225113,42.626213],[131.753906,43.276947],[131.914673,43.276947],[131.778748,43.081631],[132.09993,43.081631],[132.271027,43.21183],[132.205215,42.886398],[132.606232,42.886398],[132.561111,42.821339],[132.996964,42.756287],[132.951874,42.691246],[133.272339,42.691246],[134.221832,43.016544],[135.109573,43.472347],[135.986572,44.450676],[136.148438,44.450676],[136.719147,45.104176],[137.859085,45.955376],[138.42511,46.677208],[138.343079,46.677208],[138.499893,46.87434],[138.417755,46.87434],[138.628571,47.137375],[138.89949,47.26897],[139.357559,47.927807],[140.021103,48.323814],[140.246429,48.588123],[140.163391,48.588123],[140.277069,48.720371],[140.193954,48.720371],[140.365784,48.918865],[140.282547,48.918865],[140.464371,49.316288],[140.38092,49.316288],[140.592972,49.647934],[140.437836,49.847126],[140.741394,50.179462],[140.489517,50.179462],[140.50589,50.379082],[140.421814,50.379082],[140.545715,50.512249],[140.439621,50.578861],[140.564728,50.712139],[140.480453,50.712139],[140.776428,51.112431],[140.651154,51.246017],[140.930023,51.446541],[140.825668,51.51342],[140.956573,51.647243],[141.45787,51.982151],[141.354614,52.049194],[141.556625,52.25045],[141.197937,52.317577],[141.231094,52.519085],[141.145676,52.519085],[141.351242,52.720787],[141.232437,52.855366],[141.301712,52.922688],[141.113968,52.990032],[141.463959,53.327087],[140.916962,53.462067],[140.987656,53.529591],[140.80011,53.597137],[140.871109,53.664711],[140.6987,53.664711],[140.769806,53.732304],[140.511063,53.732304],[140.582245,53.799923],[140.206894,53.935226],[140.249069,54.138363],[140.075989,54.138363],[140.13353,54.273907],[139.960266,54.273907],[140.032516,54.341713],[138.73233,54.341713],[138.518372,54.138363],[138.620438,54.070625],[138.37677,54.002914],[138.096054,53.732304],[137.2677,53.597137],[137.858139,54.002914],[137.236649,54.070625],[137.027176,53.867561],[136.681808,53.867561],[136.912064,54.341713],[136.809326,54.409546],[136.951187,54.545284],[136.848663,54.61319],[136.919998,54.681122],[135.616165,54.681122],[135.686966,54.749077],[135.23584,54.817055],[135.274811,55.021149],[135.187637,55.021149],[137.538925,57.419888],[137.449936,57.419888],[138.698441,58.806473],[138.608322,58.806473],[139.268448,59.434532],[139.171555,59.504478],[140.190826,60.557716],[140.095474,60.628212],[140.183594,60.698738],[140.000137,60.698738],[140.088379,60.769302],[139.904785,60.769302],[139.993134,60.839905],[139.809418,60.839905],[139.897903,60.910542],[135.847321,60.981213],[135.933456,61.051926],[125.703438,61.122673],[125.782967,61.193459],[117.32254,61.476974],[117.397079,61.547951],[113.645966,61.40604],[109.979019,60.769302],[109.771446,60.839905],[109.385208,60.628212],[102.830132,59.434532],[100.776772,59.364616],[98.463501,59.085285],[96.178467,58.597698],[93.843895,58.250366],[90.68248,57.973057],[89.519829,57.973057],[88.7062,57.834583],[88.39769,57.903805],[87.627251,57.696232],[87.091972,57.696232],[85.567207,57.419888],[83.517532,56.868607],[83.296112,56.937416],[83.20771,56.799828],[82.854599,56.66235],[82.237724,56.524986],[81.927513,56.593655],[81.841705,56.456345],[79.523903,55.976639],[76.868027,55.6348],[74.765121,55.6348],[74.80275,55.703117],[70.489594,55.839825],[70.560425,55.976639],[70.085831,55.908218],[70.12104,55.976639],[68.749489,56.045086],[68.784058,56.11356],[67.762344,56.182064],[67.796486,56.250591],[67.125626,56.319149],[67.159538,56.387733],[66.861214,56.319149],[66.840576,56.456345],[66.079819,56.524986],[66.058533,56.66235],[65.848289,56.593655],[65.68338,56.799828],[65.218918,56.937416],[65.285866,57.075119],[65.108421,57.075119],[64.997864,57.21294],[65.065125,57.350876],[64.865616,57.48893],[64.933289,57.627102],[64.788841,57.696232],[64.856865,57.834583],[64.712257,57.903805],[64.780617,58.042336],[64.635841,58.111649],[64.683861,58.389206],[64.538834,58.458672],[64.608147,58.597698],[64.462944,58.667255],[64.532608,58.806473],[64.331963,58.945816],[64.402046,59.085285],[64.201126,59.224888],[64.271637,59.364616],[64.015091,59.574459],[64.050552,59.64447],[63.868908,59.64447],[63.682587,59.995037],[63.500343,59.995037],[63.313454,60.346451],[63.1306,60.346451],[63.054752,60.557716],[62.815598,60.628212],[62.851376,60.698738],[62.520069,60.769302],[62.499702,60.910542],[62.259613,60.981213],[62.295387,61.051926],[62.111294,61.051926],[62.090717,61.193459],[61.906368,61.193459],[61.885681,61.33514],[61.552116,61.40604],[61.5312,61.547951],[61.346214,61.547951],[61.381962,61.618961],[61.196846,61.618961]],[[105.398338,52.116257],[105.914558,52.5863],[106.493248,52.788067],[106.851982,53.259628],[107.649811,53.732304],[107.703049,53.799923],[108.123039,54.002914],[108.559624,54.545284],[108.472801,54.545284],[109.006294,55.08923],[108.919075,55.08923],[109.089012,55.293625],[108.971138,55.361809],[109.315628,55.771458],[109.988022,55.839825],[109.760979,55.157333],[109.848251,55.157333],[109.677757,54.953091],[109.764877,54.953091],[109.651909,54.817055],[109.73893,54.817055],[109.514694,54.545284],[109.601517,54.545284],[109.545807,54.477402],[109.663712,54.409546],[109.552895,54.273907],[109.639526,54.273907],[108.828239,53.259628],[108.431938,53.192196],[107.897163,52.720787],[107.33287,52.653534],[106.824753,52.317577],[106.398285,52.317577],[106.006012,51.781143],[105.739861,51.647243],[104.834106,51.446541],[104.071518,51.446541],[104.118317,51.51342],[103.571556,51.580322],[103.84478,51.848125],[104.912666,51.915127],[105.398338,52.116257]],[[83.011742,51.04567],[83.096222,51.04567],[83.060684,50.978924],[82.976242,50.978924],[83.011742,51.04567]],[[74.25473,45.365879],[74.130074,45.038776],[73.861702,44.973392],[73.911163,45.104176],[73.603683,45.365879],[73.522308,45.365879],[73.32756,45.496796],[73.501915,45.955376],[73.640137,45.889828],[73.715652,46.086506],[73.527023,46.020935],[73.627983,46.283295],[73.873497,46.283295],[73.950104,46.480194],[74.437424,46.677208],[74.597771,46.87434],[76.322639,46.87434],[76.351021,46.742905],[76.761368,46.742905],[76.734421,46.677208],[77.910332,46.742905],[78.10157,46.611523],[78.70459,46.87434],[79.333557,46.808617],[79.249603,46.611523],[79.085594,46.611523],[78.974846,46.348915],[78.456299,46.283295],[77.801613,46.283295],[77.828682,46.348915],[77.364395,46.414547],[77.391388,46.480194],[75.451195,46.545853],[75.316841,46.414547],[74.881401,46.348915],[74.752586,46.020935],[74.318626,45.955376],[74.116966,45.431332],[74.25473,45.365879]],[[76.453873,42.431171],[76.52626,42.626213],[78.6586,42.756287],[78.583549,42.561192],[77.955887,42.171238],[77.292732,42.106277],[76.453873,42.431171]],[[70.183596,35.435567],[69.454336,36.449672],[69.910011,36.565437],[70.450075,37.276046],[70.364802,37.844534],[70.281289,38.095071],[70.865781,38.619099],[71.775362,39.130738],[72.599669,39.500255],[73.594523,39.613953],[74.759923,39.557104],[76.436962,37.936914],[75.868474,37.197879],[75.896898,35.833509],[75.811625,35.378718],[75.470533,35.06605],[75.057047,34.334323],[74.532528,34.668109],[73.96404,34.724957],[72.912337,35.549265],[71.860635,35.719811],[70.183596,35.435567]],[[58.070744,44.254829],[57.989902,44.254829],[58.044724,44.450676],[57.963787,44.450676],[58.637691,45.955376],[59.310482,46.020935],[59.490044,46.348915],[59.837353,46.414547],[60.121532,46.808617],[60.532043,46.808617],[60.572899,46.940079],[60.983749,46.940079],[61.004108,46.742905],[61.188866,46.808617],[61.230263,46.940079],[61.702358,46.87434],[61.251183,45.955376],[61.332855,45.955376],[61.252327,45.69326],[61.33387,45.69326],[61.335239,45.431332],[61.722187,45.365879],[61.582333,44.908016],[61.016933,44.646614],[60.780849,44.124317],[60.600128,44.059074],[60.50489,43.733017],[60.287201,43.537502],[59.123524,43.407204],[59.134758,43.733017],[58.024433,43.79821],[58.070744,44.254829]],[[49.3032,46.545853],[49.990849,46.677208],[50.301624,46.940079],[50.844189,47.137375],[51.420094,47.137375],[51.814487,47.071594],[51.862858,46.940079],[53.112831,47.005829],[53.242306,46.87434],[53.190235,46.677208],[53.27227,46.677208],[53.268005,46.348915],[53.349873,46.348915],[53.247372,45.955376],[53.067135,45.889828],[53.064629,45.562271],[53.421413,45.365879],[53.665554,45.365879],[53.879395,45.562271],[54.286781,45.562271],[54.218086,45.300438],[54.363617,45.235004],[54.295238,44.973392],[53.808105,44.973392],[53.875721,45.235004],[52.086769,45.235004],[51.875191,45.365879],[51.468292,45.365879],[51.063477,45.038776],[51.016197,44.842648],[51.471172,44.711948],[51.423698,44.51598],[50.856926,44.51598],[50.401924,44.646614],[50.22451,44.581291],[50.193882,44.450676],[50.875725,44.254829],[51.07164,44.059074],[51.040714,43.928623],[51.316929,43.733017],[51.305134,43.342072],[51.43531,43.21183],[51.772152,43.276947],[51.936058,42.951466],[52.417465,42.951466],[52.787334,42.821339],[52.679012,42.366177],[52.443195,42.041325],[52.523022,42.041325],[52.492905,41.911442],[52.721989,41.521996],[52.801586,41.521996],[52.811974,41.911442],[53.192364,42.171238],[53.911304,42.171238],[54.090519,41.586884],[54.729549,41.262531],[54.668343,41.003189],[54.400074,40.873566],[54.37014,40.743973],[53.404358,40.679188],[53.448212,40.873566],[53.339661,40.743973],[52.943321,40.743973],[52.972282,40.873566],[52.89296,40.873566],[52.699429,40.35537],[52.778534,40.35537],[52.787666,40.031734],[53.498451,40.031734],[53.54493,39.514275],[53.137505,39.449623],[53.51759,39.384975],[53.986782,38.997231],[53.829762,37.835243],[53.907906,37.835243],[53.910469,37.448292],[54.094666,37.190418],[54.033295,36.868176],[53.087723,36.803738],[52.185852,36.546032],[51.641968,36.546032],[50.820747,36.739307],[50.531998,36.868176],[50.632294,36.997059],[50.56572,37.061508],[50.320892,36.997059],[49.998783,37.383816],[49.085102,37.512772],[48.884293,37.706242],[48.841076,38.351463],[48.762745,38.351463],[48.801003,38.997231],[48.915466,39.191074],[49.151405,39.191074],[49.266644,39.384975],[49.509197,40.225895],[49.693348,40.35537],[50.260376,40.42012],[50.049515,40.549641],[49.508362,40.61441],[49.244152,40.873566],[49.270748,41.003189],[49.059227,41.132843],[49.08601,41.262531],[47.933659,42.23621],[47.960827,42.366177],[47.681622,42.561192],[47.656158,42.821339],[47.3764,43.016544],[47.459137,43.407204],[47.339844,43.602661],[47.343086,43.993843],[47.00927,44.320103],[46.632675,44.450676],[46.688507,44.711948],[47.041058,44.842648],[47.332333,45.431332],[47.480663,45.365879],[47.568001,45.75877],[48.057442,45.75877],[48.34708,45.955376],[48.592094,45.955376],[48.637573,46.152088],[49.061813,46.217686],[49.3032,46.545853]],[[53.190014,44.777294],[53.418869,45.038776],[53.743752,45.038776],[53.693329,44.842648],[53.383476,44.581291],[53.333912,44.385384],[53.091194,44.385384],[53.190014,44.777294]],[[51.530308,35.902035],[51.541325,35.966419],[51.618832,35.966419],[51.607796,35.902035],[51.530308,35.902035]],[[33.391617,54.206123],[33.478199,54.206123],[33.452389,54.070625],[33.365902,54.070625],[33.391617,54.206123]],[[30.70787,50.978924],[30.697981,50.912201],[30.613583,50.912201],[30.62343,50.978924],[30.70787,50.978924]],[[30.653204,51.179214],[30.633316,51.04567],[30.548834,51.04567],[30.56864,51.179214],[30.653204,51.179214]],[[30.5786,51.246017],[30.493994,51.246017],[30.50395,51.31284],[30.588598,51.31284],[30.5786,51.246017]],[[28.078737,45.824295],[28.092535,45.955376],[28.174206,45.955376],[28.160345,45.824295],[28.078737,45.824295]]],[[[108.524361,53.529591],[108.868797,53.529591],[109.105881,53.935226],[108.933098,53.935226],[108.598557,53.732304],[108.524361,53.529591]]],[[[82.853683,56.799828],[82.809883,56.731075],[82.898338,56.731075],[82.942192,56.799828],[82.853683,56.799828]]],[[[65.805504,56.868607],[65.716942,56.868607],[65.68338,56.799828],[65.771889,56.799828],[65.805504,56.868607]]],[[[60.425838,62.117157],[60.332829,62.117157],[60.297291,62.045868],[60.39024,62.045868],[60.425838,62.117157]]]]}},{"type":"Feature","id":"cliopatria-5645","properties":{"recordId":"cliopatria-5645","polityId":"mali-empire","name":"Mali İmparatorluğu","color":"#ad7951","start":1241,"endExclusive":1415},"geometry":{"type":"MultiPolygon","coordinates":[[[[-9.969435,10.443103],[-9.970036,10.507391],[-10.043177,10.507391],[-10.042572,10.443103],[-9.969435,10.443103]]],[[[-6.325856,12.114578],[-6.252602,12.114578],[-6.253237,12.178865],[-6.326496,12.178865],[-6.325856,12.114578]]],[[[1.571126,15.521827],[1.264988,16.936163],[0.964749,17.450464],[0.443667,17.836191],[-0.444911,18.029055],[-3.320153,17.771904],[-4.863685,17.450464],[-7.303038,17.643328],[-8.921455,17.450464],[-9.365889,17.514753],[-9.657444,17.386177],[-10.467053,17.32189],[-10.985305,17.386177],[-10.981487,17.257601],[-11.352203,17.32189],[-11.643322,17.193314],[-12.970776,17.193314],[-13.33528,17.064737],[-13.706091,17.129026],[-13.775533,17.00045],[-15.761456,16.871874],[-16.279799,16.936163],[-16.48679,16.550434],[-16.602808,15.650403],[-16.81086,15.264675],[-17.027323,15.136099],[-17.023245,15.007524],[-17.386709,14.878947],[-17.454187,14.686084],[-17.233757,14.686084],[-17.007565,14.49322],[-16.77442,14.043206],[-16.767458,13.786056],[-16.620672,13.786056],[-16.543924,13.65748],[-16.539003,13.464618],[-16.830828,13.40033],[-16.822886,13.078892],[-15.284369,13.143179],[-15.280074,12.950316],[-14.988188,13.014604],[-13.443279,12.757454],[-13.514123,12.628879],[-13.074355,12.628879],[-12.998722,12.500303],[-12.334819,12.243154],[-11.158757,11.986003],[-11.007786,11.664566],[-10.641682,11.664566],[-10.41958,11.471704],[-10.342554,11.150266],[-10.196918,11.214553],[-9.820897,10.185953],[-9.305689,9.735941],[-8.71937,9.47879],[-8.427058,9.47879],[-8.208539,9.607366],[-8.062014,9.543078],[-8.062733,9.671653],[-7.624909,9.800228],[-7.334793,10.185953],[-7.188551,10.185953],[-7.262498,10.314528],[-6.97306,10.764541],[-6.690195,11.921716],[-6.327146,12.243154],[-5.961459,12.307441],[-6.036036,12.436016],[-5.672267,12.693166],[-5.673639,12.821741],[-5.527019,12.821741],[-5.528407,12.950316],[-5.381765,12.950316],[-4.582773,13.65748],[-4.363352,13.721768],[-4.292926,13.978919],[-4.073441,14.043206],[-4.148387,14.171782],[-3.858539,14.49322],[-3.862629,14.81466],[-3.648131,15.264675],[-3.284823,15.586115],[-3.28663,15.714691],[-2.919603,15.778978],[-2.994996,15.907555],[-2.481517,16.036131],[-1.598118,16.036131],[-0.710595,15.650403],[-0.486739,15.328963],[-0.339656,15.328963],[-0.410284,15.007524],[-0.115714,14.943235],[-0.040168,14.686084],[0.180737,14.621797],[0.25557,14.428933],[1.210447,14.428933],[1.650149,14.621797],[1.719503,15.328963],[1.571126,15.521827]]]]}},{"type":"Feature","id":"cliopatria-7453","properties":{"recordId":"cliopatria-7453","polityId":"mali-empire","name":"Mali İmparatorluğu","color":"#ad7951","start":1475,"endExclusive":1564},"geometry":{"type":"Polygon","coordinates":[[[-14.345498,13.786056],[-14.639069,13.786056],[-14.568779,13.914631],[-14.859247,13.786056],[-15.449631,13.914631],[-16.550695,13.914631],[-16.622379,13.850344],[-16.539003,13.464618],[-16.830828,13.40033],[-16.748014,13.014604],[-16.821341,13.014604],[-16.806698,12.371728],[-16.582808,12.178865],[-16.363029,12.178865],[-16.282127,11.79314],[-16.136896,11.857429],[-16.061226,11.728853],[-15.621873,11.728853],[-15.477781,11.857429],[-15.394387,11.278841],[-14.957338,11.407415],[-14.808841,11.278841],[-14.374871,11.600278],[-13.566493,11.407415],[-13.19407,10.957403],[-13.190673,10.700253],[-13.117518,10.700253],[-13.189046,10.571678],[-12.965088,10.185953],[-12.15879,9.993091],[-11.866984,10.057378],[-11.13412,9.864515],[-10.915374,9.928803],[-10.328499,9.671653],[-10.03662,9.735941],[-10.035675,9.607366],[-9.817341,9.735941],[-9.742891,9.543078],[-8.062014,9.543078],[-8.062733,9.671653],[-7.624909,9.800228],[-7.334793,10.185953],[-7.188551,10.185953],[-7.262498,10.314528],[-6.97306,10.764541],[-6.762185,11.79314],[-6.471725,12.050291],[-6.546939,12.243154],[-6.84069,12.307441],[-7.137489,12.628879],[-8.751759,12.757454],[-8.974485,12.950316],[-10.740887,13.336042],[-14.345498,13.786056]]]}},{"type":"Feature","id":"cliopatria-7215","properties":{"recordId":"cliopatria-7215","polityId":"ming-dynasty","name":"Ming Hanedanı","color":"#687eaa","start":1450,"endExclusive":1468},"geometry":{"type":"MultiPolygon","coordinates":[[[[109.862198,18.350492],[110.17942,18.479067],[110.190285,18.543354],[110.507759,18.67193],[110.680573,19.250515],[110.85067,19.379087],[110.883865,19.571949],[111.031937,19.571949],[111.087418,19.893383],[110.909477,20.150528],[110.613037,20.150528],[110.59095,20.021955],[110.157379,20.086243],[109.246361,19.957668],[109.202774,19.700523],[108.704277,19.379087],[108.638184,18.543354],[108.764595,18.41478],[109.123337,18.350492],[109.249687,18.221918],[109.840645,18.221918],[109.862198,18.350492]]],[[[122.272583,30.179354],[122.045036,30.179354],[121.976616,29.986536],[122.279823,29.986536],[122.272583,30.179354]]],[[[127.965614,45.365879],[127.884239,45.365879],[127.930466,45.431332],[127.778755,45.562271],[127.82515,45.627762],[127.662132,45.627762],[127.533539,46.020935],[127.019913,46.217686],[127.066788,46.283295],[126.821281,46.283295],[126.868164,46.348915],[126.295082,46.348915],[124.964783,46.086506],[124.274734,46.152088],[123.620575,46.152088],[121.919113,45.69326],[118.730881,45.431332],[117.253998,44.777294],[116.481842,44.581291],[116.197289,44.385384],[115.388702,44.124317],[114.667183,43.602661],[113.766327,42.626213],[112.675179,41.262531],[111.907661,39.96703],[111.650879,39.772949],[111.447021,39.837635],[111.159111,39.578934],[110.417938,39.514275],[110.291092,39.255703],[109.961365,39.06184],[109.746582,38.609699],[109.842941,38.480572],[109.596375,38.286919],[109.526917,37.964268],[109.077797,37.835243],[108.099213,38.093311],[107.902916,38.351463],[107.511261,38.351463],[107.44265,38.545132],[107.285843,38.545132],[107.646957,39.320335],[107.441597,39.384975],[107.329178,39.6436],[107.171532,39.6436],[106.921219,39.449623],[106.708885,38.997231],[106.513557,38.222378],[106.164726,37.964268],[105.432961,37.899754],[104.540962,37.641747],[104.36158,37.770741],[103.763985,37.835243],[103.612015,38.028786],[103.326744,38.093311],[103.303909,38.222378],[103.018524,38.286919],[102.995956,38.416016],[102.788841,38.480572],[102.845024,38.609699],[103.137032,38.738853],[102.880066,38.868031],[103.123428,39.06184],[102.966232,39.06184],[102.995163,39.126453],[102.552322,39.191074],[102.358849,38.932625],[102.094833,38.868031],[102.123207,38.932625],[101.630089,39.06184],[101.558586,39.255703],[101.16523,39.255703],[101.181046,39.6436],[100.737198,39.708271],[100.380905,39.96703],[100.144058,39.96703],[100.173454,40.031734],[99.620621,40.031734],[99.600349,40.161167],[99.363258,40.161167],[99.13546,40.35537],[98.482422,40.484875],[98.512039,40.549641],[98.19529,40.549641],[98.185745,40.873566],[97.939766,41.197685],[97.603127,41.327385],[97.584587,41.457119],[97.425446,41.457119],[97.358124,41.651779],[97.198814,41.651779],[97.353378,41.976379],[97.061928,42.366177],[97.125046,42.496178],[96.996613,42.561192],[97.091972,42.756287],[96.579407,42.691246],[96.482513,42.821339],[96.241989,42.821339],[94.502914,42.366177],[92.333282,42.691246],[91.923256,42.496178],[91.477524,42.041325],[90.650169,40.873566],[90.751701,40.549641],[91.830467,40.29063],[92.69474,39.708271],[92.590065,39.255703],[92.48558,39.191074],[90.948738,38.674274],[90.875244,38.480572],[91.037445,38.286919],[90.941368,38.028786],[91.28466,37.899754],[91.447884,37.706242],[91.400764,37.577259],[91.533386,37.512772],[91.463387,37.319347],[91.004593,37.125961],[90.936272,36.932613],[91.357796,36.803738],[91.312637,36.674877],[91.390373,36.674877],[91.792389,36.932613],[92.360283,36.997059],[92.602348,36.803738],[93.544022,36.610455],[95.769363,35.451431],[96.552002,35.258358],[97.452774,34.743614],[97.68412,34.743614],[97.716415,34.614952],[98.288147,34.486301],[98.320511,34.357655],[98.847298,34.100391],[100.856346,33.907463],[101.87381,33.521652],[101.178421,31.657526],[101.102196,31.657526],[100.679413,29.729441],[99.981529,28.829527],[99.738152,28.765244],[99.698303,28.31525],[99.531311,28.250963],[99.429092,28.443821],[99.486443,28.958094],[99.410881,28.958094],[99.530975,29.408054],[99.397072,29.472334],[99.235077,29.150936],[99.025322,29.215218],[98.868668,28.31525],[98.535118,28.186676],[98.566986,28.31525],[98.372803,28.443821],[98.15815,28.186676],[98.260048,27.672369],[98.561195,27.672369],[98.741394,27.479498],[98.762329,26.579414],[98.837402,26.579414],[98.673172,25.807899],[98.171448,25.550728],[98.133102,25.357851],[97.870941,25.164974],[97.821815,24.907808],[97.648155,24.779226],[97.589081,24.457773],[97.789955,24.329193],[97.647049,23.943457],[98.875366,24.136324],[98.732643,23.750589],[98.870667,23.6863],[98.942917,23.236284],[99.570358,22.979134],[99.285408,22.143402],[99.944427,22.079117],[100.072601,21.950544],[100.031815,21.693398],[100.224327,21.50054],[100.744316,21.50054],[101.156738,21.757685],[101.179817,21.436253],[101.318169,21.371967],[101.361916,21.179108],[101.807365,21.179108],[101.879204,21.629112],[101.644257,22.01483],[101.718208,22.464836],[102.153969,22.400549],[102.58017,22.721985],[102.867012,22.657698],[102.919662,22.529123],[103.217346,22.529123],[103.324654,22.721985],[103.771347,22.721985],[103.961563,22.529123],[104.154724,22.786272],[104.515831,22.721985],[104.836105,22.850559],[104.956093,23.107708],[105.214317,23.300571],[105.437904,23.300571],[105.752571,22.979134],[106.199478,22.979134],[106.325432,22.850559],[106.70929,22.914846],[106.772232,22.850559],[106.607018,22.336264],[106.71125,22.079117],[107.239822,21.693398],[107.462746,21.693398],[107.589394,21.564825],[107.97187,21.629112],[108.098427,21.50054],[108.555191,21.564825],[108.651695,21.693398],[109.08638,21.629112],[109.116219,21.371967],[109.806961,21.50054],[109.870056,21.436253],[109.696037,20.857677],[109.770241,20.857677],[109.789452,20.536247],[109.926781,20.47196],[109.882896,20.214815],[110.486877,20.279102],[110.616272,20.600533],[110.363846,20.857677],[110.482529,21.114822],[110.419449,21.179108],[110.716423,21.179108],[110.738853,21.30768],[110.984192,21.436253],[111.664062,21.50054],[111.858505,21.757685],[112.441467,21.693398],[112.773628,21.886257],[113.070969,21.886257],[113.106262,22.079117],[113.31752,22.01483],[113.415573,22.143402],[113.63868,22.143402],[113.6987,22.464836],[113.598541,22.721985],[113.747437,22.721985],[113.78524,22.529123],[113.996346,22.464836],[113.998589,22.079117],[114.370392,22.079117],[114.531113,22.143402],[114.640816,22.721985],[114.752724,22.529123],[114.901566,22.529123],[115.174423,22.786272],[115.372856,22.657698],[115.670616,22.657698],[115.695625,22.786272],[116.540047,22.914846],[116.591446,23.171995],[116.81498,23.171995],[116.77964,23.364861],[116.893898,23.557724],[117.178833,23.493437],[117.469955,23.814878],[117.693771,23.814878],[117.721268,23.943457],[118.075737,24.200613],[118.147369,24.522062],[118.759727,24.586353],[118.819115,24.843517],[119.073677,24.972099],[119.02948,25.100683],[119.344193,25.164974],[119.391144,25.357851],[119.273148,25.486437],[119.422897,25.486437],[119.465996,25.357851],[119.872139,25.486437],[119.904381,25.615021],[119.5299,25.615021],[119.778366,26.000778],[119.587013,26.129364],[119.938103,26.322245],[119.839928,26.515121],[120.157692,26.579414],[120.2108,26.772293],[120.060585,26.772293],[120.096397,26.900877],[120.246666,26.900877],[120.394669,27.158045],[120.545036,27.158045],[120.732513,27.543789],[120.657257,27.543789],[120.714615,27.736658],[120.867737,27.993813],[121.038162,28.058102],[121.117958,28.31525],[121.193382,28.31525],[121.153267,28.186676],[121.645905,28.31525],[121.652115,28.572392],[121.521774,28.636677],[121.714333,28.765244],[121.744316,29.086657],[121.538887,29.150936],[121.647026,29.472334],[121.571342,29.472334],[121.744637,29.536612],[121.711563,29.215218],[121.938431,29.215218],[122.015953,29.665165],[121.864502,29.665165],[122.029785,29.922264],[121.620239,30.05081],[121.484093,30.307894],[121.104691,30.307894],[120.808807,30.115082],[120.679764,30.179354],[121.045303,30.564972],[121.197197,30.564972],[121.519218,30.822044],[121.899261,30.822044],[121.99527,31.079113],[121.73658,31.400452],[121.584259,31.400452],[121.913536,31.46472],[121.963097,31.593258],[121.835564,31.657526],[121.987022,31.850336],[121.783211,32.107422],[121.503304,32.171696],[121.402649,32.493073],[120.919205,32.621628],[120.9263,33.200188],[120.550453,33.585949],[120.489365,34.164703],[120.34182,34.357655],[119.732307,34.550625],[119.71125,34.679283],[119.430901,34.743614],[119.459015,34.807949],[119.227608,34.807949],[119.618744,35.515793],[119.986481,35.644527],[120.318489,36.030804],[120.658524,36.095196],[120.73185,36.417206],[120.964813,36.417206],[120.978928,36.610455],[121.212082,36.610455],[121.912079,36.932613],[122.39389,36.803738],[122.566368,36.997059],[122.474213,37.125961],[122.712883,37.448292],[122.121117,37.512772],[122.153519,37.577259],[121.49688,37.512772],[121.483337,37.641747],[121.171036,37.641747],[121.112022,37.835243],[120.753777,37.899754],[120.188072,37.706242],[120.202202,37.577259],[119.826614,37.448292],[119.701111,37.190418],[119.155685,37.190418],[119.139961,37.319347],[118.984039,37.319347],[119.236557,37.835243],[119.392845,37.835243],[119.45713,37.964268],[118.771767,38.157841],[118.804169,38.222378],[118.647598,38.222378],[118.583,38.093311],[118.067421,38.157841],[118.053604,38.286919],[117.602455,38.480572],[117.654907,38.738853],[117.576431,38.738853],[117.888374,39.191074],[118.045662,39.191074],[118.056862,39.06184],[118.449844,39.06184],[119.215302,39.320335],[119.380447,39.772949],[120.500298,40.225895],[120.647346,40.484875],[120.996727,40.679188],[121.109764,40.873566],[121.823662,40.873566],[121.826958,40.743973],[122.106094,40.679188],[122.23056,40.484875],[121.776466,39.96703],[121.503326,39.902328],[121.438339,39.6436],[121.280693,39.6436],[121.209633,39.514275],[121.296532,39.384975],[121.690132,39.384975],[121.515129,39.06184],[121.200737,39.06184],[121.029335,38.738853],[121.421707,38.738853],[121.716225,38.997231],[121.951935,38.997231],[122.170448,39.255703],[122.935959,39.6436],[123.597443,39.837635],[124.22863,39.837635],[124.569992,40.29063],[126.107086,41.003189],[126.833046,41.781593],[127.072182,41.781593],[127.107544,41.586884],[127.384827,41.521996],[127.343735,41.457119],[128.219009,41.457119],[128.343582,41.651779],[128.267838,41.781593],[128.108414,41.781593],[128.15033,41.846512],[127.990845,41.846512],[128.074905,41.976379],[128.835526,42.041325],[129.166443,42.301189],[129.696259,42.496178],[129.887589,43.016544],[129.807312,43.016544],[129.672943,43.407204],[129.512054,43.407204],[129.485641,43.602661],[129.32457,43.602661],[129.334,43.733017],[129.253403,43.733017],[129.388962,43.928623],[129.182358,43.863411],[129.156799,44.059074],[128.9953,44.059074],[128.969986,44.254829],[128.808304,44.254829],[128.783218,44.450676],[128.621353,44.450676],[128.596466,44.646614],[128.434402,44.646614],[128.409698,44.842648],[128.247437,44.842648],[128.187668,45.104176],[128.025162,45.104176],[127.965614,45.365879]]]]}},{"type":"Feature","id":"cliopatria-7416","properties":{"recordId":"cliopatria-7416","polityId":"ming-dynasty","name":"Ming Hanedanı","color":"#687eaa","start":1468,"endExclusive":1516},"geometry":{"type":"MultiPolygon","coordinates":[[[[109.862198,18.350492],[110.17942,18.479067],[110.190285,18.543354],[110.507759,18.67193],[110.680573,19.250515],[110.85067,19.379087],[110.883865,19.571949],[111.031937,19.571949],[111.087418,19.893383],[110.909477,20.150528],[110.613037,20.150528],[110.59095,20.021955],[110.157379,20.086243],[109.246361,19.957668],[109.202774,19.700523],[108.704277,19.379087],[108.638184,18.543354],[108.764595,18.41478],[109.123337,18.350492],[109.249687,18.221918],[109.840645,18.221918],[109.862198,18.350492]]],[[[122.272583,30.179354],[122.045036,30.179354],[121.976616,29.986536],[122.279823,29.986536],[122.272583,30.179354]]],[[[127.965614,45.365879],[127.884239,45.365879],[127.930466,45.431332],[127.778755,45.562271],[127.82515,45.627762],[127.662132,45.627762],[127.533539,46.020935],[127.019913,46.217686],[127.066788,46.283295],[126.821281,46.283295],[126.868164,46.348915],[126.295082,46.348915],[124.964783,46.086506],[124.274734,46.152088],[123.620575,46.152088],[121.919113,45.69326],[118.730881,45.431332],[117.253998,44.777294],[116.481842,44.581291],[116.197289,44.385384],[115.388702,44.124317],[114.667183,43.602661],[113.766327,42.626213],[112.675179,41.262531],[111.907661,39.96703],[111.650879,39.772949],[111.447021,39.837635],[111.159111,39.578934],[110.417938,39.514275],[110.291092,39.255703],[109.961365,39.06184],[109.746582,38.609699],[109.825012,38.609699],[109.782867,38.351463],[109.596375,38.286919],[109.526917,37.964268],[109.419502,37.899754],[108.843361,37.835243],[108.74501,37.964268],[107.971802,38.157841],[107.902916,38.351463],[107.511261,38.351463],[107.44265,38.545132],[107.285843,38.545132],[107.646957,39.320335],[107.441597,39.384975],[107.329178,39.6436],[106.921219,39.449623],[106.589935,38.738853],[106.668404,38.738853],[106.513557,38.222378],[106.164726,37.964268],[105.432961,37.899754],[105.220909,37.770741],[104.462891,37.641747],[104.36158,37.770741],[103.763985,37.835243],[103.662621,37.964268],[103.584435,37.964268],[103.612015,38.028786],[103.326744,38.093311],[103.303909,38.222378],[103.018524,38.286919],[102.995956,38.416016],[102.788841,38.480572],[102.845024,38.609699],[103.137032,38.738853],[102.880066,38.868031],[103.123428,39.06184],[102.966232,39.06184],[102.995163,39.126453],[102.552322,39.191074],[102.358849,38.932625],[102.094833,38.868031],[102.123207,38.932625],[101.630089,39.06184],[101.558586,39.255703],[101.16523,39.255703],[101.181046,39.6436],[100.737198,39.708271],[100.766388,39.772949],[100.500656,39.708271],[100.063828,39.255703],[99.896172,38.868031],[99.998032,38.738853],[100.413795,38.609699],[100.874535,38.028786],[101.238716,37.964268],[101.263367,37.835243],[101.54921,37.770741],[101.70372,37.577259],[102.096062,37.770741],[102.093979,37.577259],[102.248528,37.383816],[102.534012,37.319347],[102.688858,37.125961],[102.610573,36.932613],[102.844078,36.739307],[102.79261,36.610455],[102.923531,36.352795],[102.797478,36.030804],[102.617477,35.966419],[102.571251,35.644527],[102.237198,35.580158],[102.086945,35.38707],[102.091949,35.194008],[101.711441,35.000969],[101.741272,34.872288],[102.103371,34.807949],[102.0327,34.614952],[101.754807,34.486301],[101.231468,34.743614],[100.923004,34.743614],[100.853424,34.550625],[101.069481,34.293335],[101.531349,34.293335],[101.693321,34.100391],[101.525467,33.843155],[101.19561,33.778851],[101.87381,33.521652],[101.178421,31.657526],[101.102196,31.657526],[100.679413,29.729441],[99.981529,28.829527],[99.738152,28.765244],[99.698303,28.31525],[99.60672,28.250963],[99.429092,28.443821],[99.486443,28.958094],[99.410881,28.958094],[99.530975,29.408054],[99.397072,29.472334],[99.235077,29.150936],[99.025322,29.215218],[98.868668,28.31525],[98.535118,28.186676],[98.566986,28.31525],[98.372803,28.443821],[98.15815,28.186676],[98.260048,27.672369],[98.561195,27.672369],[98.741394,27.479498],[98.762329,26.579414],[98.837402,26.579414],[98.673172,25.807899],[98.171448,25.550728],[98.133102,25.357851],[97.870941,25.164974],[97.821815,24.907808],[97.648155,24.779226],[97.589081,24.457773],[97.789955,24.329193],[97.647049,23.943457],[98.875366,24.136324],[98.732643,23.750589],[98.870667,23.6863],[98.942917,23.236284],[99.570358,22.979134],[99.285408,22.143402],[99.944427,22.079117],[100.072601,21.950544],[100.031815,21.693398],[100.224327,21.50054],[100.744316,21.50054],[101.156738,21.757685],[101.179817,21.436253],[101.318169,21.371967],[101.361916,21.179108],[101.807365,21.179108],[101.879204,21.629112],[101.644257,22.01483],[101.718208,22.464836],[102.153969,22.400549],[102.58017,22.721985],[102.867012,22.657698],[102.919662,22.529123],[103.217346,22.529123],[103.324654,22.721985],[103.771347,22.721985],[103.961563,22.529123],[104.154724,22.786272],[104.515831,22.721985],[104.836105,22.850559],[104.956093,23.107708],[105.214317,23.300571],[105.437904,23.300571],[105.752571,22.979134],[106.199478,22.979134],[106.325432,22.850559],[106.70929,22.914846],[106.772232,22.850559],[106.607018,22.336264],[106.71125,22.079117],[107.239822,21.693398],[107.462746,21.693398],[107.589394,21.564825],[107.97187,21.629112],[108.098427,21.50054],[108.555191,21.564825],[108.651695,21.693398],[109.08638,21.629112],[109.116219,21.371967],[109.806961,21.50054],[109.870056,21.436253],[109.696037,20.857677],[109.770241,20.857677],[109.789452,20.536247],[109.926781,20.47196],[109.882896,20.214815],[110.486877,20.279102],[110.616272,20.600533],[110.363846,20.857677],[110.482529,21.114822],[110.419449,21.179108],[110.716423,21.179108],[110.738853,21.30768],[110.984192,21.436253],[111.664062,21.50054],[111.858505,21.757685],[112.441467,21.693398],[112.773628,21.886257],[113.070969,21.886257],[113.106262,22.079117],[113.31752,22.01483],[113.415573,22.143402],[113.63868,22.143402],[113.6987,22.464836],[113.598541,22.721985],[113.747437,22.721985],[113.78524,22.529123],[113.996346,22.464836],[113.998589,22.079117],[114.370392,22.079117],[114.531113,22.143402],[114.640816,22.721985],[114.752724,22.529123],[114.901566,22.529123],[115.174423,22.786272],[115.372856,22.657698],[115.670616,22.657698],[115.695625,22.786272],[116.540047,22.914846],[116.591446,23.171995],[116.81498,23.171995],[116.77964,23.364861],[116.893898,23.557724],[117.178833,23.493437],[117.469955,23.814878],[117.693771,23.814878],[117.721268,23.943457],[118.075737,24.200613],[118.147369,24.522062],[118.759727,24.586353],[118.819115,24.843517],[119.073677,24.972099],[119.02948,25.100683],[119.344193,25.164974],[119.391144,25.357851],[119.273148,25.486437],[119.422897,25.486437],[119.465996,25.357851],[119.872139,25.486437],[119.904381,25.615021],[119.5299,25.615021],[119.778366,26.000778],[119.587013,26.129364],[119.938103,26.322245],[119.839928,26.515121],[120.157692,26.579414],[120.2108,26.772293],[120.060585,26.772293],[120.096397,26.900877],[120.246666,26.900877],[120.394669,27.158045],[120.545036,27.158045],[120.732513,27.543789],[120.657257,27.543789],[120.714615,27.736658],[120.867737,27.993813],[121.038162,28.058102],[121.117958,28.31525],[121.193382,28.31525],[121.153267,28.186676],[121.645905,28.31525],[121.652115,28.572392],[121.521774,28.636677],[121.714333,28.765244],[121.744316,29.086657],[121.538887,29.150936],[121.647026,29.472334],[121.571342,29.472334],[121.744637,29.536612],[121.711563,29.215218],[121.938431,29.215218],[122.015953,29.665165],[121.864502,29.665165],[122.029785,29.922264],[121.620239,30.05081],[121.484093,30.307894],[121.104691,30.307894],[120.808807,30.115082],[120.679764,30.179354],[121.045303,30.564972],[121.197197,30.564972],[121.519218,30.822044],[121.899261,30.822044],[121.99527,31.079113],[121.73658,31.400452],[121.584259,31.400452],[121.913536,31.46472],[121.963097,31.593258],[121.835564,31.657526],[121.987022,31.850336],[121.783211,32.107422],[121.503304,32.171696],[121.402649,32.493073],[120.919205,32.621628],[120.9263,33.200188],[120.550453,33.585949],[120.489365,34.164703],[120.34182,34.357655],[119.732307,34.550625],[119.71125,34.679283],[119.430901,34.743614],[119.459015,34.807949],[119.227608,34.807949],[119.618744,35.515793],[119.986481,35.644527],[120.318489,36.030804],[120.658524,36.095196],[120.73185,36.417206],[120.964813,36.417206],[120.978928,36.610455],[121.212082,36.610455],[121.912079,36.932613],[122.39389,36.803738],[122.566368,36.997059],[122.474213,37.125961],[122.712883,37.448292],[122.121117,37.512772],[122.153519,37.577259],[121.49688,37.512772],[121.483337,37.641747],[121.171036,37.641747],[121.112022,37.835243],[120.753777,37.899754],[120.188072,37.706242],[120.202202,37.577259],[119.826614,37.448292],[119.701111,37.190418],[119.155685,37.190418],[119.139961,37.319347],[118.984039,37.319347],[119.236557,37.835243],[119.392845,37.835243],[119.45713,37.964268],[118.771767,38.157841],[118.804169,38.222378],[118.647598,38.222378],[118.583,38.093311],[118.067421,38.157841],[118.053604,38.286919],[117.602455,38.480572],[117.654907,38.738853],[117.576431,38.738853],[117.888374,39.191074],[118.045662,39.191074],[118.056862,39.06184],[118.449844,39.06184],[119.215302,39.320335],[119.380447,39.772949],[120.500298,40.225895],[120.647346,40.484875],[120.996727,40.679188],[121.109764,40.873566],[121.823662,40.873566],[121.826958,40.743973],[122.106094,40.679188],[122.23056,40.484875],[121.776466,39.96703],[121.503326,39.902328],[121.438339,39.6436],[121.280693,39.6436],[121.209633,39.514275],[121.296532,39.384975],[121.690132,39.384975],[121.515129,39.06184],[121.200737,39.06184],[121.029335,38.738853],[121.421707,38.738853],[121.716225,38.997231],[121.951935,38.997231],[122.170448,39.255703],[122.935959,39.6436],[123.597443,39.837635],[124.22863,39.837635],[124.569992,40.29063],[126.107086,41.003189],[126.833046,41.781593],[127.072182,41.781593],[127.107544,41.586884],[127.384827,41.521996],[127.343735,41.457119],[128.219009,41.457119],[128.343582,41.651779],[128.267838,41.781593],[128.108414,41.781593],[128.15033,41.846512],[127.990845,41.846512],[128.074905,41.976379],[128.835526,42.041325],[129.166443,42.301189],[129.696259,42.496178],[129.887589,43.016544],[129.807312,43.016544],[129.672943,43.407204],[129.512054,43.407204],[129.485641,43.602661],[129.32457,43.602661],[129.334,43.733017],[129.253403,43.733017],[129.388962,43.928623],[129.182358,43.863411],[129.156799,44.059074],[128.9953,44.059074],[128.969986,44.254829],[128.808304,44.254829],[128.783218,44.450676],[128.621353,44.450676],[128.596466,44.646614],[128.434402,44.646614],[128.409698,44.842648],[128.247437,44.842648],[128.187668,45.104176],[128.025162,45.104176],[127.965614,45.365879]]]]}},{"type":"Feature","id":"cliopatria-8532","properties":{"recordId":"cliopatria-8532","polityId":"ming-dynasty","name":"Ming Hanedanı","color":"#687eaa","start":1600,"endExclusive":1619},"geometry":{"type":"MultiPolygon","coordinates":[[[[109.862198,18.350492],[110.17942,18.479067],[110.190285,18.543354],[110.507759,18.67193],[110.680573,19.250515],[110.85067,19.379087],[110.883865,19.571949],[111.031937,19.571949],[111.087418,19.893383],[110.909477,20.150528],[110.613037,20.150528],[110.59095,20.021955],[110.157379,20.086243],[109.246361,19.957668],[109.202774,19.700523],[108.704277,19.379087],[108.638184,18.543354],[108.764595,18.41478],[109.123337,18.350492],[109.249687,18.221918],[109.840645,18.221918],[109.862198,18.350492]]],[[[122.272583,30.179354],[122.045036,30.179354],[121.976616,29.986536],[122.279823,29.986536],[122.272583,30.179354]]],[[[124.360107,41.521996],[124.400261,41.586884],[124.320633,41.586884],[124.401245,41.716682],[124.205696,42.041325],[124.661873,42.756287],[124.303116,42.821339],[124.345192,42.886398],[123.70356,42.886398],[123.578362,42.691246],[123.697006,42.626213],[123.572899,42.431171],[123.211868,42.366177],[122.80925,42.106277],[122.411552,41.327385],[122.013985,41.327385],[122.050911,41.651779],[121.891602,41.651779],[121.931091,41.716682],[121.454102,41.586884],[119.3647,40.031734],[118.969818,40.031734],[118.790314,40.42012],[118.632042,40.42012],[118.625572,40.549641],[118.388008,40.549641],[118.424454,40.61441],[117.790741,40.61441],[117.365898,40.42012],[117.358582,40.549641],[117.200203,40.549641],[117.338936,40.938374],[116.985023,40.873566],[116.85672,41.068012],[116.57579,41.132843],[116.612587,41.197685],[115.824471,41.068012],[114.974426,40.679188],[114.675346,40.42012],[113.770325,40.35537],[113.636787,40.549641],[113.320038,40.549641],[113.02417,40.29063],[112.504608,40.35537],[112.144516,39.96703],[111.828712,39.96703],[111.650879,39.772949],[111.447021,39.837635],[111.159111,39.578934],[110.417938,39.514275],[110.291092,39.255703],[109.961365,39.06184],[109.746582,38.609699],[109.842941,38.480572],[109.596375,38.286919],[109.526917,37.964268],[109.077797,37.835243],[108.099213,38.093311],[107.902916,38.351463],[107.511261,38.351463],[107.44265,38.545132],[107.285843,38.545132],[107.646957,39.320335],[107.441597,39.384975],[107.329178,39.6436],[106.921219,39.449623],[106.589935,38.738853],[106.668404,38.738853],[106.49295,38.351463],[106.571281,38.351463],[106.377998,38.093311],[106.164726,37.964268],[105.432961,37.899754],[105.220909,37.770741],[104.462891,37.641747],[104.36158,37.770741],[103.763985,37.835243],[103.612015,38.028786],[103.326744,38.093311],[103.303909,38.222378],[103.018524,38.286919],[102.995956,38.416016],[102.839249,38.416016],[102.845024,38.609699],[103.137032,38.738853],[102.880066,38.868031],[103.123428,39.06184],[102.552322,39.191074],[102.358849,38.932625],[102.094833,38.868031],[102.123207,38.932625],[101.630089,39.06184],[101.558586,39.255703],[101.16523,39.255703],[101.181046,39.6436],[100.608643,39.772949],[100.063828,39.255703],[99.896172,38.868031],[100.335365,38.609699],[100.590988,38.286919],[100.747604,38.286919],[100.874535,38.028786],[101.238716,37.964268],[101.263367,37.835243],[101.54921,37.770741],[101.70372,37.577259],[102.096062,37.770741],[102.093979,37.577259],[102.248528,37.383816],[102.534012,37.319347],[102.688858,37.125961],[102.610573,36.932613],[102.844078,36.739307],[102.79261,36.610455],[102.923531,36.352795],[102.493851,35.644527],[102.416451,35.644527],[102.111168,35.451431],[102.062798,35.322712],[102.140091,35.322712],[101.966858,35.065311],[101.711441,35.000969],[101.741272,34.872288],[102.103371,34.807949],[102.0327,34.614952],[101.831841,34.486301],[101.231468,34.743614],[100.923004,34.743614],[100.853424,34.550625],[101.069481,34.293335],[101.531349,34.293335],[101.693321,34.100391],[101.525467,33.843155],[101.19561,33.778851],[101.87381,33.521652],[101.178421,31.657526],[101.102196,31.657526],[100.679413,29.729441],[99.981529,28.829527],[99.738152,28.765244],[99.698303,28.31525],[99.60672,28.250963],[99.429092,28.443821],[99.472755,29.472334],[99.235077,29.150936],[99.025322,29.215218],[98.868668,28.31525],[98.685905,28.186676],[98.535118,28.186676],[98.566986,28.31525],[98.448257,28.443821],[98.249382,28.250963],[98.023163,28.250963],[97.979553,28.379536],[97.483406,28.508106],[97.342178,27.929525],[96.995232,27.736658],[96.935463,27.479498],[97.177643,27.222336],[97.163116,27.158045],[97.481422,26.900877],[97.472244,26.515121],[97.547302,26.515121],[97.324425,25.807899],[97.048164,25.550728],[96.973106,25.164974],[97.110466,25.100683],[97.211571,24.843517],[97.199295,23.943457],[97.251732,23.814878],[97.550156,23.814878],[97.807541,24.007746],[98.490646,24.072035],[98.296211,23.814878],[98.370819,23.814878],[98.337502,23.622013],[98.539223,23.493437],[98.495796,23.236284],[98.336029,23.171995],[98.219093,22.914846],[98.421501,22.786272],[98.349121,22.336264],[98.497917,22.336264],[98.491302,21.82197],[98.619942,21.693398],[98.451431,21.564825],[98.421745,21.371967],[98.659721,20.98625],[98.49173,20.857677],[98.46859,20.214815],[98.542709,20.214815],[98.513557,20.021955],[99.106316,20.021955],[99.412506,20.086243],[99.832314,20.407675],[100.128883,20.407675],[100.242706,20.66482],[100.643555,20.857677],[100.693733,21.179108],[100.946831,21.371967],[101.254089,21.436253],[101.361916,21.179108],[101.807365,21.179108],[101.879204,21.629112],[101.644257,22.01483],[101.718208,22.464836],[102.153969,22.400549],[102.58017,22.721985],[102.867012,22.657698],[102.919662,22.529123],[103.217346,22.529123],[103.324654,22.721985],[103.771347,22.721985],[103.961563,22.529123],[104.154724,22.786272],[104.515831,22.721985],[104.836105,22.850559],[104.956093,23.107708],[105.214317,23.300571],[105.437904,23.300571],[105.489174,23.171995],[105.752571,22.979134],[106.199478,22.979134],[106.325432,22.850559],[106.70929,22.914846],[106.659081,22.207689],[107.102165,21.757685],[107.462746,21.693398],[107.589394,21.564825],[107.97187,21.629112],[108.098427,21.50054],[108.172714,21.50054],[108.555191,21.564825],[108.651695,21.693398],[109.08638,21.629112],[109.116219,21.371967],[109.806961,21.50054],[109.870056,21.436253],[109.696037,20.857677],[109.770241,20.857677],[109.789452,20.536247],[109.926781,20.47196],[109.882896,20.214815],[110.486877,20.279102],[110.616272,20.600533],[110.363846,20.857677],[110.482529,21.114822],[110.419449,21.179108],[110.716423,21.179108],[110.738853,21.30768],[110.984192,21.436253],[111.664062,21.50054],[111.858505,21.757685],[112.441467,21.693398],[112.773628,21.886257],[113.070969,21.886257],[113.106262,22.079117],[113.31752,22.01483],[113.451393,22.336264],[113.686615,22.400549],[113.598541,22.721985],[113.747437,22.721985],[113.78524,22.529123],[113.996346,22.464836],[113.998589,22.079117],[114.370392,22.079117],[114.531113,22.143402],[114.640816,22.721985],[114.752724,22.529123],[114.901566,22.529123],[115.174423,22.786272],[115.372856,22.657698],[115.670616,22.657698],[115.695625,22.786272],[116.540047,22.914846],[116.591446,23.171995],[116.81498,23.171995],[116.77964,23.364861],[116.893898,23.557724],[117.178833,23.493437],[117.469955,23.814878],[117.693771,23.814878],[117.721268,23.943457],[118.075737,24.200613],[118.147369,24.522062],[118.759727,24.586353],[118.819115,24.843517],[119.073677,24.972099],[119.02948,25.100683],[119.344193,25.164974],[119.391144,25.357851],[119.273148,25.486437],[119.422897,25.486437],[119.465996,25.357851],[119.872139,25.486437],[119.904381,25.615021],[119.5299,25.615021],[119.778366,26.000778],[119.587013,26.129364],[119.938103,26.322245],[119.839928,26.515121],[120.157692,26.579414],[120.2108,26.772293],[120.060585,26.772293],[120.096397,26.900877],[120.246666,26.900877],[120.394669,27.158045],[120.545036,27.158045],[120.732513,27.543789],[120.657257,27.543789],[120.714615,27.736658],[120.867737,27.993813],[121.038162,28.058102],[121.117958,28.31525],[121.193382,28.31525],[121.153267,28.186676],[121.645905,28.31525],[121.652115,28.572392],[121.521774,28.636677],[121.714333,28.765244],[121.744316,29.086657],[121.538887,29.150936],[121.647026,29.472334],[121.571342,29.472334],[121.744637,29.536612],[121.711563,29.215218],[121.938431,29.215218],[122.015953,29.665165],[121.864502,29.665165],[122.029785,29.922264],[121.620239,30.05081],[121.484093,30.307894],[121.104691,30.307894],[120.808807,30.115082],[120.679764,30.179354],[121.045303,30.564972],[121.197197,30.564972],[121.519218,30.822044],[121.899261,30.822044],[121.99527,31.079113],[121.73658,31.400452],[121.584259,31.400452],[121.913536,31.46472],[121.963097,31.593258],[121.835564,31.657526],[121.987022,31.850336],[121.783211,32.107422],[121.503304,32.171696],[121.402649,32.493073],[120.919205,32.621628],[120.9263,33.200188],[120.550453,33.585949],[120.489365,34.164703],[120.34182,34.357655],[119.732307,34.550625],[119.71125,34.679283],[119.430901,34.743614],[119.459015,34.807949],[119.227608,34.807949],[119.618744,35.515793],[119.986481,35.644527],[120.318489,36.030804],[120.658524,36.095196],[120.73185,36.417206],[120.964813,36.417206],[120.978928,36.610455],[121.212082,36.610455],[121.912079,36.932613],[122.39389,36.803738],[122.566368,36.997059],[122.474213,37.125961],[122.712883,37.448292],[122.121117,37.512772],[122.153519,37.577259],[121.49688,37.512772],[121.483337,37.641747],[121.171036,37.641747],[121.112022,37.835243],[120.753777,37.899754],[120.188072,37.706242],[120.202202,37.577259],[119.826614,37.448292],[119.701111,37.190418],[119.155685,37.190418],[119.139961,37.319347],[118.984039,37.319347],[119.236557,37.835243],[119.392845,37.835243],[119.45713,37.964268],[118.771767,38.157841],[118.804169,38.222378],[118.647598,38.222378],[118.583,38.093311],[118.067421,38.157841],[118.053604,38.286919],[117.602455,38.480572],[117.654907,38.738853],[117.576431,38.738853],[117.888374,39.191074],[118.045662,39.191074],[118.056862,39.06184],[118.449844,39.06184],[119.215302,39.320335],[119.380447,39.772949],[120.500298,40.225895],[120.647346,40.484875],[120.996727,40.679188],[121.109764,40.873566],[121.823662,40.873566],[121.826958,40.743973],[122.106094,40.679188],[122.23056,40.484875],[121.776466,39.96703],[121.503326,39.902328],[121.438339,39.6436],[121.280693,39.6436],[121.209633,39.514275],[121.296532,39.384975],[121.690132,39.384975],[121.515129,39.06184],[121.200737,39.06184],[121.029335,38.738853],[121.421707,38.738853],[121.716225,38.997231],[121.951935,38.997231],[122.170448,39.255703],[122.935959,39.6436],[123.597443,39.837635],[124.22863,39.837635],[124.725349,40.42012],[124.291611,40.35537],[124.365494,40.61441],[124.166351,40.679188],[124.04467,40.873566],[124.558784,41.457119],[124.360107,41.521996]]]]}},{"type":"Feature","id":"cliopatria-7301","properties":{"recordId":"cliopatria-7301","polityId":"aztec-triple-alliance","name":"Aztek Üçlü İttifakı","color":"#ad6355","start":1453,"endExclusive":1459},"geometry":{"type":"MultiPolygon","coordinates":[[[[-96.71666,18.736217],[-96.728012,18.800505],[-96.801949,18.800505],[-96.790588,18.736217],[-96.71666,18.736217]]],[[[-96.765133,20.240485],[-96.932213,20.343388],[-98.537033,20.600533],[-98.709518,20.729105],[-99.377182,20.729105],[-99.427048,20.600533],[-99.810074,20.66482],[-99.835602,20.407675],[-99.749352,20.343388],[-99.899338,19.957668],[-99.77729,19.700523],[-99.261818,19.314802],[-99.117416,18.929079],[-100.218781,18.479067],[-100.184059,18.286205],[-99.666908,18.286205],[-99.133301,18.607641],[-98.865654,18.350492],[-98.717888,18.350492],[-98.666847,18.479067],[-98.507622,18.41478],[-98.151741,19.314802],[-98.186867,19.507662],[-98.432518,19.636236],[-98.097626,19.829096],[-97.87542,19.829096],[-97.766106,19.636236],[-97.469925,19.636236],[-97.360901,19.443375],[-97.497307,19.379087],[-97.474091,19.250515],[-97.314529,19.186228],[-97.291466,19.057653],[-97.155022,19.121941],[-95.655449,18.157629],[-95.160347,18.286205],[-94.931114,18.67193],[-95.766769,18.800505],[-96.25058,19.443375],[-96.514694,20.086243],[-96.723454,20.214815],[-96.686325,20.214815],[-96.698059,20.279102],[-96.772186,20.279102],[-96.765133,20.240485]]]]}},{"type":"Feature","id":"cliopatria-7677","properties":{"recordId":"cliopatria-7677","polityId":"aztec-triple-alliance","name":"Aztek Üçlü İttifakı","color":"#ad6355","start":1497,"endExclusive":1502},"geometry":{"type":"MultiPolygon","coordinates":[[[[-93.001839,15.328963],[-92.992905,15.264675],[-92.754631,15.136099],[-92.482483,14.750372],[-92.23127,15.071812],[-92.248741,15.200387],[-92.101685,15.200387],[-92.596695,15.586115],[-92.743835,15.586115],[-93.001839,15.328963]]],[[[-95.766769,18.800505],[-96.176559,19.443375],[-96.25058,19.443375],[-96.514694,20.086243],[-97.077469,20.729105],[-97.346512,21.371967],[-98.572121,21.179108],[-98.35067,20.793392],[-98.388702,20.600533],[-98.709518,20.729105],[-99.377182,20.729105],[-99.427048,20.600533],[-99.810074,20.66482],[-99.835602,20.407675],[-99.749352,20.343388],[-99.823486,20.343388],[-99.837273,20.021955],[-100.059555,20.021955],[-100.638969,20.343388],[-101.083786,20.343388],[-101.133453,20.214815],[-101.059334,20.214815],[-101.047134,20.150528],[-100.738541,20.086243],[-100.393799,19.829096],[-100.297897,19.314802],[-100.371902,19.314802],[-100.351135,18.800505],[-100.487259,18.736217],[-100.479568,18.286205],[-100.195602,18.350492],[-99.865608,18.157629],[-99.990479,18.029055],[-99.893929,17.900478],[-99.933922,17.707617],[-101.222893,17.900478],[-101.39357,18.029055],[-101.615112,18.029055],[-101.716743,17.771904],[-101.110031,17.257601],[-100.022987,16.936163],[-99.453781,16.614723],[-99.085381,16.614723],[-99.329018,17.193314],[-99.572144,17.32189],[-99.594177,17.450464],[-99.45768,17.514753],[-98.3703,17.193314],[-97.296272,17.386177],[-96.969101,17.193314],[-96.600357,17.193314],[-96.484795,17.386177],[-96.590851,17.579041],[-97.077324,17.836191],[-97.996613,18.029055],[-97.945183,18.157629],[-98.104172,18.221918],[-98.149536,18.479067],[-97.694786,18.41478],[-97.643578,18.543354],[-97.421844,18.543354],[-97.160255,18.736217],[-96.989693,18.607641],[-96.70533,18.67193],[-96.564034,18.286205],[-96.257416,18.221918],[-95.991791,17.964767],[-95.729309,18.157629],[-95.160347,18.286205],[-94.931114,18.67193],[-95.766769,18.800505]]]]}},{"type":"Feature","id":"cliopatria-7247","properties":{"recordId":"cliopatria-7247","polityId":"inca-empire","name":"İnka İmparatorluğu","color":"#7a8d59","start":1450,"endExclusive":1475},"geometry":{"type":"Polygon","coordinates":[[[-73.66114,-12.571853],[-74.071777,-12.250415],[-74.060394,-12.12184],[-74.471939,-11.800403],[-74.460999,-11.671827],[-74.664467,-11.478965],[-75.323334,-11.478965],[-75.683601,-12.250415],[-75.475685,-13.150441],[-75.294388,-13.536166],[-75.020729,-13.72903],[-75.047737,-13.98618],[-74.894112,-13.921893],[-74.907753,-14.050468],[-74.295677,-14.500483],[-74.059792,-15.014785],[-73.788109,-15.207649],[-73.87677,-15.336225],[-73.590202,-15.400513],[-73.400269,-15.657664],[-73.187302,-15.721952],[-70.832649,-15.721952],[-70.545868,-15.786241],[-70.076477,-16.171968],[-69.568748,-16.236256],[-69.479774,-16.107679],[-69.538177,-15.979104],[-69.685402,-15.979104],[-69.743889,-15.850529],[-70.11187,-15.850529],[-70.089355,-15.657664],[-69.942207,-15.657664],[-69.979034,-15.336225],[-69.82473,-15.271936],[-69.964607,-15.207649],[-70.135826,-14.757633],[-70.602531,-14.307619],[-70.889626,-14.243331],[-70.943253,-14.050468],[-71.170082,-14.114756],[-71.731186,-13.857605],[-71.711891,-13.664742],[-71.852295,-13.600454],[-71.735474,-13.150441],[-72.511986,-12.829003],[-73.453072,-12.700428],[-73.587845,-12.571853],[-73.66114,-12.571853]]]}},{"type":"Feature","id":"cliopatria-7642","properties":{"recordId":"cliopatria-7642","polityId":"inca-empire","name":"İnka İmparatorluğu","color":"#7a8d59","start":1497,"endExclusive":1534},"geometry":{"type":"MultiPolygon","coordinates":[[[[-77.961235,0.028513],[-77.975731,0.0928],[-78.193184,0.221376],[-78.774994,0.285663],[-79.064827,0.542813],[-79.646233,0.799963],[-79.718697,0.992826],[-80.228355,0.864251],[-80.158104,0.221376],[-80.304489,0.0928],[-80.289894,-0.035775],[-80.582535,-0.228637],[-80.661316,-0.807225],[-81.02684,-0.9358],[-81.03038,-1.19295],[-80.886734,-1.321525],[-80.960518,-1.385813],[-80.900436,-2.092977],[-81.120155,-2.157264],[-81.122864,-2.285839],[-80.549133,-2.671565],[-80.330696,-2.671565],[-80.413162,-3.057291],[-80.194695,-3.057291],[-80.189766,-2.864428],[-80.044128,-2.864428],[-80.050751,-3.121578],[-80.941269,-3.700167],[-80.945274,-3.828742],[-81.167915,-3.957317],[-81.474663,-4.407331],[-81.418556,-4.857344],[-81.275314,-4.921632],[-81.290947,-5.307358],[-81.013184,-5.628796],[-81.021805,-5.821659],[-81.31636,-5.885947],[-81.328423,-6.143097],[-80.754395,-6.33596],[-79.981483,-6.914549],[-79.852867,-7.235987],[-79.71048,-7.300274],[-79.590141,-7.750288],[-78.976212,-8.457451],[-78.863708,-8.971752],[-78.342476,-9.871778],[-78.356819,-10.06464],[-77.774445,-11.028953],[-77.801369,-11.350389],[-77.316635,-11.671827],[-77.283615,-12.12184],[-76.941025,-12.37899],[-76.892029,-12.63614],[-76.751595,-12.700428],[-76.64267,-13.086153],[-76.381714,-13.407591],[-76.348503,-13.793317],[-76.421898,-13.793317],[-76.463562,-14.179044],[-76.191177,-14.371907],[-76.080627,-14.693346],[-75.471634,-15.143361],[-75.223892,-15.529089],[-74.79821,-15.657664],[-74.740471,-15.786241],[-74.314842,-15.914816],[-73.987061,-16.236256],[-73.209549,-16.493408],[-73.013206,-16.686272],[-72.440178,-16.814848],[-72.047852,-17.200575],[-71.622131,-17.329151],[-71.639008,-17.457727],[-71.499908,-17.522015],[-71.329712,-17.907742],[-70.977715,-18.036316],[-70.586349,-18.422041],[-70.43856,-18.422041],[-70.508476,-18.93634],[-70.434517,-18.93634],[-70.375175,-19.57921],[-70.301132,-19.57921],[-70.336884,-19.836357],[-70.262817,-19.836357],[-70.370995,-20.607794],[-70.296829,-20.607794],[-70.295799,-21.122084],[-70.221565,-21.122084],[-70.258583,-21.379229],[-70.184311,-21.379229],[-70.395523,-22.793533],[-70.510193,-23.050682],[-70.754082,-23.179258],[-70.805855,-23.500698],[-70.528564,-23.629274],[-70.624298,-23.757851],[-70.737793,-24.850779],[-70.571823,-25.172237],[-70.619614,-25.429405],[-70.880814,-25.622284],[-70.893433,-26.072334],[-70.78186,-26.265213],[-71.184845,-27.808208],[-71.260155,-27.808208],[-71.31739,-28.386797],[-71.650734,-28.836788],[-71.729164,-29.158197],[-71.490425,-29.415316],[-71.495796,-29.7367],[-71.420059,-29.7367],[-71.628922,-30.250883],[-71.797623,-30.315153],[-71.935776,-30.829304],[-71.859764,-30.829304],[-71.849693,-31.343443],[-71.773552,-31.343443],[-71.827797,-31.536247],[-71.71183,-31.664785],[-71.764946,-32.114681],[-71.610985,-32.37178],[-71.706245,-32.693169],[-71.629738,-32.693169],[-71.921257,-33.400322],[-71.80764,-33.528915],[-71.908226,-33.850422],[-72.102646,-33.979034],[-72.424164,-35.201275],[-72.665428,-35.458698],[-72.41169,-35.394341],[-71.836288,-35.523064],[-71.724892,-35.651798],[-70.929367,-35.587429],[-70.809235,-35.458698],[-70.598495,-35.523064],[-70.415413,-35.201275],[-68.912903,-34.107655],[-68.641937,-33.721813],[-68.469048,-33.657513],[-67.736252,-32.178955],[-67.741714,-31.921865],[-67.306511,-31.15064],[-67.120865,-31.022106],[-66.738564,-29.479593],[-66.66288,-29.479593],[-66.5289,-28.901072],[-66.34877,-28.772505],[-66.338562,-28.386797],[-66.26313,-28.386797],[-65.755989,-26.265213],[-65.680977,-26.265213],[-65.684471,-25.879456],[-65.442688,-25.365114],[-65.27063,-25.236528],[-65.14135,-24.465034],[-65.066643,-24.465034],[-65.059418,-23.950718],[-64.841095,-23.500698],[-64.075783,-22.857821],[-63.919624,-22.279238],[-63.74424,-22.086378],[-63.80978,-22.022091],[-63.657284,-21.443514],[-63.548912,-21.186369],[-63.400425,-21.186369],[-63.432533,-20.864939],[-63.324963,-20.607794],[-63.176624,-20.607794],[-63.201202,-20.222076],[-63.127083,-20.222076],[-62.930882,-19.257776],[-63.004879,-19.257776],[-62.983074,-18.486328],[-62.579357,-17.586302],[-62.527802,-16.493408],[-63.120213,-15.850529],[-63.748177,-15.529089],[-63.801495,-15.336225],[-64.316292,-15.336225],[-64.871117,-15.014785],[-65.666435,-14.886209],[-66.001236,-14.56477],[-66.429146,-14.436194],[-66.764725,-14.114756],[-67.68808,-13.793317],[-67.816597,-13.600454],[-67.963348,-13.600454],[-68.092094,-13.407591],[-68.373672,-13.279016],[-68.74041,-13.279016],[-69.027878,-13.214728],[-69.016129,-13.086153],[-69.241997,-13.150441],[-69.376945,-13.021866],[-70.391785,-12.893291],[-70.673424,-12.764715],[-71.259865,-12.764715],[-71.491524,-12.893291],[-71.503418,-13.021866],[-71.644096,-12.957578],[-71.656082,-13.086153],[-71.882149,-13.150441],[-71.943382,-13.021866],[-72.163361,-13.021866],[-72.511986,-12.829003],[-73.453072,-12.700428],[-74.071777,-12.250415],[-74.060394,-12.12184],[-74.471939,-11.800403],[-74.460999,-11.671827],[-74.664467,-11.478965],[-75.166229,-11.350389],[-75.417496,-10.83609],[-75.334297,-10.707515],[-75.480606,-10.707515],[-75.529182,-10.386077],[-75.920982,-9.743202],[-75.907494,-9.55034],[-76.049217,-9.486053],[-76.242386,-9.100327],[-76.343506,-8.393164],[-76.562561,-8.393164],[-76.623909,-8.200301],[-76.970016,-7.878863],[-77.688583,-6.271672],[-77.606773,-6.078809],[-77.808472,-5.693084],[-77.717003,-5.24307],[-77.850319,-4.921632],[-77.82119,-4.085893],[-77.894035,-4.085893],[-77.869461,-3.250154],[-77.796638,-3.250154],[-77.788391,-2.928715],[-77.642754,-2.928715],[-77.710945,-2.735852],[-77.63813,-2.735852],[-77.625648,-2.157264],[-77.552849,-2.157264],[-77.62439,-2.092977],[-77.531723,-0.807225],[-77.677284,-0.807225],[-77.601707,-0.550075],[-77.817635,-0.292925],[-77.742836,-0.035775],[-77.961235,0.028513]]],[[[-75.271172,-10.83609],[-75.266144,-10.771802],[-75.339302,-10.771802],[-75.344337,-10.83609],[-75.271172,-10.83609]]]]}},{"type":"Feature","id":"cliopatria-3298","properties":{"recordId":"cliopatria-3298","polityId":"khmer-empire","name":"Kmer İmparatorluğu","color":"#a47896","start":875,"endExclusive":1028},"geometry":{"type":"MultiPolygon","coordinates":[[[[103.905014,10.443103],[103.814445,10.25024],[103.94352,10.057378],[104.089745,10.057378],[104.124428,10.443103],[103.905014,10.443103]]],[[[107.692688,15.328963],[107.554771,15.393251],[107.563988,15.457539],[107.2976,15.650403],[107.50161,16.036131],[107.152733,16.164707],[106.970596,16.421858],[106.685707,16.486147],[106.705307,16.614723],[106.56778,16.67901],[104.889091,16.293283],[104.299927,16.293283],[104.281136,16.164707],[103.655159,15.907555],[103.222679,15.971843],[103.029411,16.164707],[102.661263,16.164707],[102.256409,16.421858],[102.348747,16.550434],[102.201401,16.550434],[102.210777,16.614723],[101.69709,15.586115],[101.532494,15.457539],[101.48114,15.071812],[101.611382,14.943235],[101.611504,14.364645],[101.962852,14.23607],[101.724396,13.464618],[101.680817,13.078892],[101.813248,12.950316],[101.778343,12.628879],[102.110733,12.307441],[102.257271,12.307441],[102.224052,11.986003],[102.443787,11.986003],[102.603508,12.114578],[102.74337,12.050291],[102.730202,11.921716],[102.87014,11.857429],[102.844322,11.600278],[103.051239,11.471704],[103.062798,10.828828],[103.355446,10.828828],[103.599319,11.085979],[103.642082,10.764541],[103.489784,10.700253],[103.545181,10.507391],[103.916794,10.571678],[104.124428,10.443103],[104.416969,10.443103],[104.539902,10.185953],[105.034485,9.993091],[104.792603,9.735941],[104.712227,8.771627],[104.858299,8.771627],[104.702003,8.643052],[104.764915,8.514477],[105.135101,8.578765],[105.6203,9.157352],[106.14254,9.285928],[106.232079,9.47879],[106.603043,9.543078],[106.552521,9.800228],[106.698715,9.800228],[106.642876,9.993091],[106.794914,10.057378],[106.806648,10.185953],[106.666313,10.25024],[106.818512,10.314528],[106.757362,10.443103],[106.982819,10.507391],[107.001175,10.700253],[107.074326,10.700253],[107.105598,11.02169],[107.032425,11.02169],[107.058044,11.278841],[106.877869,11.664566],[106.845352,12.050291],[107.085999,12.243154],[107.539772,12.371728],[107.641914,12.628879],[107.524803,12.886029],[107.666916,13.464618],[107.380371,14.107494],[107.422195,14.428933],[107.603455,14.686084],[107.573959,15.007524],[107.692688,15.328963]]],[[[102.33007,16.421858],[102.403725,16.421858],[102.413055,16.486147],[102.339394,16.486147],[102.33007,16.421858]]]]}},{"type":"Feature","id":"cliopatria-5114","properties":{"recordId":"cliopatria-5114","polityId":"khmer-empire","name":"Kmer İmparatorluğu","color":"#a47896","start":1188,"endExclusive":1206},"geometry":{"type":"MultiPolygon","coordinates":[[[[103.905014,10.443103],[103.814445,10.25024],[103.94352,10.057378],[104.089745,10.057378],[104.124428,10.443103],[103.905014,10.443103]]],[[[106.982819,10.507391],[107.001175,10.700253],[107.074326,10.700253],[107.105598,11.02169],[107.032425,11.02169],[107.058044,11.278841],[106.877869,11.664566],[106.845352,12.050291],[107.627403,12.500303],[107.598122,12.886029],[107.524803,12.886029],[107.666916,13.464618],[107.380371,14.107494],[107.422195,14.428933],[107.603455,14.686084],[107.573959,15.007524],[107.692688,15.328963],[107.2976,15.650403],[107.50161,16.036131],[107.152733,16.164707],[106.970596,16.421858],[106.685707,16.486147],[106.60743,16.936163],[105.207382,18.350492],[105.248688,18.607641],[105.121552,18.736217],[104.899757,18.736217],[104.624657,18.864792],[104.507736,19.057653],[104.359787,19.057653],[104.390793,19.250515],[104.253128,19.314802],[104.273811,19.443375],[104.854431,19.829096],[104.980621,20.150528],[104.651627,20.407675],[104.503342,20.407675],[104.619095,20.66482],[104.364014,20.921965],[103.992966,20.921965],[103.813492,20.729105],[103.590935,20.729105],[103.038536,20.98625],[103.059151,21.114822],[102.984917,21.114822],[102.931328,21.243395],[102.508789,20.921965],[102.222145,20.98625],[102.181435,20.729105],[102.012802,20.600533],[102.006096,20.086243],[101.837723,19.957668],[101.615463,19.957668],[101.521278,19.829096],[100.568314,19.893383],[100.464417,19.700523],[100.518585,19.571949],[100.666664,19.571949],[100.626862,19.314802],[100.745033,19.121941],[100.671051,19.121941],[100.567337,18.929079],[100.187698,18.864792],[99.759285,18.479067],[99.611481,18.479067],[99.582359,18.286205],[98.641136,18.41478],[98.288345,18.029055],[97.835823,17.964767],[97.798264,17.707617],[97.936523,17.643328],[97.91787,17.514753],[98.62764,16.807587],[98.638176,16.357571],[98.932785,16.357571],[98.906097,16.164707],[98.667625,16.036131],[98.672302,15.521827],[98.262848,15.200387],[98.230278,14.943235],[98.484436,14.621797],[98.468796,14.49322],[98.805191,14.23607],[98.789993,14.107494],[99.12709,13.850344],[99.244476,13.593193],[99.208603,13.271754],[99.281952,13.271754],[99.166832,12.886029],[99.426216,12.564591],[99.466515,12.243154],[99.660492,11.986003],[99.378761,11.343128],[99.147194,11.214553],[98.813637,10.764541],[98.611694,10.121666],[98.97728,10.121666],[98.988213,10.25024],[99.202095,10.185953],[99.28624,10.314528],[99.604416,11.407415],[99.854912,11.728853],[99.880226,11.986003],[100.033142,12.050291],[100.103142,13.40033],[100.557884,13.528905],[100.990753,13.464618],[100.825516,12.628879],[101.551613,12.564591],[101.785248,12.693166],[102.110733,12.307441],[102.257271,12.307441],[102.224052,11.986003],[102.443787,11.986003],[102.603508,12.114578],[102.74337,12.050291],[102.730202,11.921716],[102.87014,11.857429],[102.844322,11.600278],[103.051239,11.471704],[103.062798,10.828828],[103.355446,10.828828],[103.599319,11.085979],[103.642082,10.764541],[103.489784,10.700253],[103.545181,10.507391],[103.916794,10.571678],[104.124428,10.443103],[104.416969,10.443103],[104.539902,10.185953],[105.034485,9.993091],[104.792603,9.735941],[104.712227,8.771627],[104.858299,8.771627],[104.702003,8.643052],[104.764915,8.514477],[105.135101,8.578765],[105.6203,9.157352],[106.14254,9.285928],[106.232079,9.47879],[106.603043,9.543078],[106.552521,9.800228],[106.698715,9.800228],[106.642876,9.993091],[106.794914,10.057378],[106.806648,10.185953],[106.666313,10.25024],[106.818512,10.314528],[106.757362,10.443103],[106.982819,10.507391]]]]}},{"type":"Feature","id":"cliopatria-6639","properties":{"recordId":"cliopatria-6639","polityId":"khmer-empire","name":"Kmer İmparatorluğu","color":"#a47896","start":1375,"endExclusive":1475},"geometry":{"type":"MultiPolygon","coordinates":[[[[103.905014,10.443103],[103.814445,10.25024],[103.94352,10.057378],[104.089745,10.057378],[104.124428,10.443103],[103.905014,10.443103]]],[[[107.001175,10.700253],[107.074326,10.700253],[107.105598,11.02169],[107.032425,11.02169],[107.058044,11.278841],[106.877869,11.664566],[106.845352,12.050291],[107.627403,12.500303],[107.598122,12.886029],[107.524803,12.886029],[107.666916,13.464618],[107.380371,14.107494],[107.512718,14.557508],[106.891251,14.300358],[106.631142,14.557508],[106.173508,14.428933],[106.034538,13.914631],[105.691666,14.107494],[105.259232,14.171782],[105.275566,14.300358],[104.981812,14.300358],[104.924828,14.428933],[103.81488,14.364645],[103.61087,14.49322],[103.447655,14.364645],[103.227318,14.364645],[102.901627,14.107494],[102.70829,13.721768],[102.392136,13.528905],[102.40696,13.014604],[102.84343,12.307441],[102.736771,11.986003],[102.87014,11.857429],[102.844322,11.600278],[103.051239,11.471704],[103.062798,10.828828],[103.355446,10.828828],[103.599319,11.085979],[103.642082,10.764541],[103.489784,10.700253],[103.545181,10.507391],[103.916794,10.571678],[104.124428,10.443103],[104.416969,10.443103],[104.539902,10.185953],[105.034485,9.993091],[104.792603,9.735941],[104.712227,8.771627],[104.858299,8.771627],[104.702003,8.643052],[104.764915,8.514477],[105.135101,8.578765],[105.6203,9.157352],[106.14254,9.285928],[106.232079,9.47879],[106.603043,9.543078],[106.552521,9.800228],[106.698715,9.800228],[106.642876,9.993091],[106.794914,10.057378],[106.806648,10.185953],[106.666313,10.25024],[106.818512,10.314528],[106.757362,10.443103],[106.982819,10.507391],[107.001175,10.700253]]]]}},{"type":"Feature","id":"cliopatria-2984","properties":{"recordId":"cliopatria-2984","polityId":"ghana-empire","name":"Gana İmparatorluğu","color":"#9b824f","start":793,"endExclusive":1085},"geometry":{"type":"Polygon","coordinates":[[[-4.859827,17.257601],[-5.00993,17.386177],[-5.601461,17.450464],[-5.604228,17.579041],[-6.119337,17.514753],[-6.565032,17.643328],[-7.891808,17.579041],[-8.182042,17.386177],[-8.531583,16.614723],[-8.578994,15.457539],[-8.345487,14.81466],[-8.412951,14.49322],[-8.267204,14.557508],[-8.263727,14.364645],[-7.890025,13.978919],[-7.887955,13.850344],[-6.706455,13.336042],[-5.312743,13.336042],[-5.094158,13.464618],[-4.800701,13.464618],[-4.363352,13.721768],[-4.292926,13.978919],[-4.073441,14.043206],[-4.148387,14.171782],[-3.858539,14.49322],[-3.802668,15.778978],[-3.876257,15.778978],[-3.883305,16.228994],[-4.186666,16.743298],[-4.786072,17.257601],[-4.859827,17.257601]]]}}]}
